2024-10-30 15:13:04 - Starting FitnessAppApplication using Java 22.0.2 with PID 13672 (C:\Users\milic\IdeaProjects\Fitness-App\target\classes started by milic in C:\Users\milic\IdeaProjects\Fitness-App)
2024-10-30 15:13:04 - No active profile set, falling back to 1 default profile: "default"
2024-10-30 15:13:05 - Bootstrapping Spring Data JPA repositories in DEFAULT mode.
2024-10-30 15:13:05 - Finished Spring Data repository scanning in 46 ms. Found 4 JPA repository interfaces.
2024-10-30 15:13:06 - Tomcat initialized with port 8080 (http)
2024-10-30 15:13:06 - Initializing ProtocolHandler ["http-nio-8080"]
2024-10-30 15:13:06 - Starting service [Tomcat]
2024-10-30 15:13:06 - Starting Servlet engine: [Apache Tomcat/10.1.28]
2024-10-30 15:13:06 - Initializing Spring embedded WebApplicationContext
2024-10-30 15:13:06 - Root WebApplicationContext: initialization completed in 1339 ms
2024-10-30 15:13:06 - HikariPool-1 - Starting...
2024-10-30 15:13:06 - HikariPool-1 - Added connection conn0: url=jdbc:h2:mem:testdb user=SA
2024-10-30 15:13:06 - HikariPool-1 - Start completed.
2024-10-30 15:13:06 - H2 console available at '/h2-console'. Database available at 'jdbc:h2:mem:testdb'
2024-10-30 15:13:06 - HHH000204: Processing PersistenceUnitInfo [name: default]
2024-10-30 15:13:06 - HHH000412: Hibernate ORM core version 6.5.2.Final
2024-10-30 15:13:06 - HHH000026: Second-level cache disabled
2024-10-30 15:13:06 - No LoadTimeWeaver setup: ignoring JPA class transformer
2024-10-30 15:13:07 - HHH000489: No JTA platform available (set 'hibernate.transaction.jta.platform' to enable JTA platform integration)
2024-10-30 15:13:07 - Initialized JPA EntityManagerFactory for persistence unit 'default'
2024-10-30 15:13:08 - spring.jpa.open-in-view is enabled by default. Therefore, database queries may be performed during view rendering. Explicitly configure spring.jpa.open-in-view to disable this warning
2024-10-30 15:13:08 - Global AuthenticationManager configured with UserDetailsService bean with name userDetailsService
2024-10-30 15:13:09 - Starting ProtocolHandler ["http-nio-8080"]
2024-10-30 15:13:09 - Tomcat started on port 8080 (http) with context path '/'
2024-10-30 15:13:09 - Started FitnessAppApplication in 5.382 seconds (process running for 9.218)
2024-10-30 15:13:09 - Initializing Spring DispatcherServlet 'dispatcherServlet'
2024-10-30 15:13:09 - Initializing Servlet 'dispatcherServlet'
2024-10-30 15:13:09 - Completed initialization in 1 ms
2024-10-30 15:14:01 - Closing JPA EntityManagerFactory for persistence unit 'default'
2024-10-30 15:14:01 - HikariPool-1 - Shutdown initiated...
2024-10-30 15:14:01 - HikariPool-1 - Shutdown completed.
2024-10-30 15:15:14 - Starting FitnessAppApplication using Java 22.0.2 with PID 18364 (C:\Users\milic\IdeaProjects\Fitness-App\target\classes started by milic in C:\Users\milic\IdeaProjects\Fitness-App)
2024-10-30 15:15:14 - No active profile set, falling back to 1 default profile: "default"
2024-10-30 15:15:14 - Bootstrapping Spring Data JPA repositories in DEFAULT mode.
2024-10-30 15:15:14 - Finished Spring Data repository scanning in 38 ms. Found 4 JPA repository interfaces.
2024-10-30 15:15:15 - Tomcat initialized with port 8080 (http)
2024-10-30 15:15:15 - Initializing ProtocolHandler ["http-nio-8080"]
2024-10-30 15:15:15 - Starting service [Tomcat]
2024-10-30 15:15:15 - Starting Servlet engine: [Apache Tomcat/10.1.28]
2024-10-30 15:15:15 - Initializing Spring embedded WebApplicationContext
2024-10-30 15:15:15 - Root WebApplicationContext: initialization completed in 954 ms
2024-10-30 15:15:15 - HikariPool-1 - Starting...
2024-10-30 15:15:15 - HikariPool-1 - Added connection conn0: url=jdbc:h2:mem:testdb user=SA
2024-10-30 15:15:15 - HikariPool-1 - Start completed.
2024-10-30 15:15:15 - H2 console available at '/h2-console'. Database available at 'jdbc:h2:mem:testdb'
2024-10-30 15:15:15 - HHH000204: Processing PersistenceUnitInfo [name: default]
2024-10-30 15:15:15 - HHH000412: Hibernate ORM core version 6.5.2.Final
2024-10-30 15:15:15 - HHH000026: Second-level cache disabled
2024-10-30 15:15:15 - No LoadTimeWeaver setup: ignoring JPA class transformer
2024-10-30 15:15:16 - HHH000489: No JTA platform available (set 'hibernate.transaction.jta.platform' to enable JTA platform integration)
2024-10-30 15:15:16 - Initialized JPA EntityManagerFactory for persistence unit 'default'
2024-10-30 15:15:16 - Exception encountered during context initialization - cancelling refresh attempt: org.springframework.beans.factory.UnsatisfiedDependencyException: Error creating bean with name 'customAuthenticationSuccessHandler' defined in file [C:\Users\milic\IdeaProjects\Fitness-App\target\classes\com\project\fitnessapp\config\CustomAuthenticationSuccessHandler.class]: Unsatisfied dependency expressed through constructor parameter 0: Error creating bean with name 'appUserService': Unsatisfied dependency expressed through field 'passwordEncoder': Error creating bean with name 'securityConfig' defined in file [C:\Users\milic\IdeaProjects\Fitness-App\target\classes\com\project\fitnessapp\config\SecurityConfig.class]: Unsatisfied dependency expressed through constructor parameter 0: Error creating bean with name 'customAuthenticationSuccessHandler': Requested bean is currently in creation: Is there an unresolvable circular reference?
2024-10-30 15:15:16 - Closing JPA EntityManagerFactory for persistence unit 'default'
2024-10-30 15:15:16 - HikariPool-1 - Shutdown initiated...
2024-10-30 15:15:16 - HikariPool-1 - Shutdown completed.
2024-10-30 15:15:16 - Stopping service [Tomcat]
2024-10-30 15:15:16 - 

Error starting ApplicationContext. To display the condition evaluation report re-run your application with 'debug' enabled.
2024-10-30 15:15:16 - 

***************************
APPLICATION FAILED TO START
***************************

Description:

The dependencies of some of the beans in the application context form a cycle:

┌─────┐
|  customAuthenticationSuccessHandler defined in file [C:\Users\milic\IdeaProjects\Fitness-App\target\classes\com\project\fitnessapp\config\CustomAuthenticationSuccessHandler.class]
↑     ↓
|  appUserService (field private org.springframework.security.crypto.password.PasswordEncoder com.project.fitnessapp.services.AppUserService.passwordEncoder)
↑     ↓
|  securityConfig defined in file [C:\Users\milic\IdeaProjects\Fitness-App\target\classes\com\project\fitnessapp\config\SecurityConfig.class]
└─────┘


Action:

Relying upon circular references is discouraged and they are prohibited by default. Update your application to remove the dependency cycle between beans. As a last resort, it may be possible to break the cycle automatically by setting spring.main.allow-circular-references to true.

2024-10-30 15:15:42 - Starting FitnessAppApplication using Java 22.0.2 with PID 5588 (C:\Users\milic\IdeaProjects\Fitness-App\target\classes started by milic in C:\Users\milic\IdeaProjects\Fitness-App)
2024-10-30 15:15:42 - No active profile set, falling back to 1 default profile: "default"
2024-10-30 15:15:43 - Bootstrapping Spring Data JPA repositories in DEFAULT mode.
2024-10-30 15:15:43 - Finished Spring Data repository scanning in 39 ms. Found 4 JPA repository interfaces.
2024-10-30 15:15:43 - Tomcat initialized with port 8080 (http)
2024-10-30 15:15:43 - Initializing ProtocolHandler ["http-nio-8080"]
2024-10-30 15:15:43 - Starting service [Tomcat]
2024-10-30 15:15:43 - Starting Servlet engine: [Apache Tomcat/10.1.28]
2024-10-30 15:15:43 - Initializing Spring embedded WebApplicationContext
2024-10-30 15:15:43 - Root WebApplicationContext: initialization completed in 1003 ms
2024-10-30 15:15:43 - HikariPool-1 - Starting...
2024-10-30 15:15:43 - HikariPool-1 - Added connection conn0: url=jdbc:h2:mem:testdb user=SA
2024-10-30 15:15:43 - HikariPool-1 - Start completed.
2024-10-30 15:15:43 - H2 console available at '/h2-console'. Database available at 'jdbc:h2:mem:testdb'
2024-10-30 15:15:43 - HHH000204: Processing PersistenceUnitInfo [name: default]
2024-10-30 15:15:44 - HHH000412: Hibernate ORM core version 6.5.2.Final
2024-10-30 15:15:44 - HHH000026: Second-level cache disabled
2024-10-30 15:15:44 - No LoadTimeWeaver setup: ignoring JPA class transformer
2024-10-30 15:15:44 - HHH000489: No JTA platform available (set 'hibernate.transaction.jta.platform' to enable JTA platform integration)
2024-10-30 15:15:44 - Initialized JPA EntityManagerFactory for persistence unit 'default'
2024-10-30 15:15:45 - Exception encountered during context initialization - cancelling refresh attempt: org.springframework.beans.factory.UnsatisfiedDependencyException: Error creating bean with name 'customAuthenticationSuccessHandler' defined in file [C:\Users\milic\IdeaProjects\Fitness-App\target\classes\com\project\fitnessapp\config\CustomAuthenticationSuccessHandler.class]: Unsatisfied dependency expressed through constructor parameter 0: Error creating bean with name 'appUserService': Unsatisfied dependency expressed through field 'passwordEncoder': Error creating bean with name 'securityConfig' defined in file [C:\Users\milic\IdeaProjects\Fitness-App\target\classes\com\project\fitnessapp\config\SecurityConfig.class]: Unsatisfied dependency expressed through constructor parameter 0: Error creating bean with name 'customAuthenticationSuccessHandler': Requested bean is currently in creation: Is there an unresolvable circular reference?
2024-10-30 15:15:45 - Closing JPA EntityManagerFactory for persistence unit 'default'
2024-10-30 15:15:45 - HikariPool-1 - Shutdown initiated...
2024-10-30 15:15:45 - HikariPool-1 - Shutdown completed.
2024-10-30 15:15:45 - Stopping service [Tomcat]
2024-10-30 15:15:45 - 

Error starting ApplicationContext. To display the condition evaluation report re-run your application with 'debug' enabled.
2024-10-30 15:15:45 - 

***************************
APPLICATION FAILED TO START
***************************

Description:

The dependencies of some of the beans in the application context form a cycle:

┌─────┐
|  customAuthenticationSuccessHandler defined in file [C:\Users\milic\IdeaProjects\Fitness-App\target\classes\com\project\fitnessapp\config\CustomAuthenticationSuccessHandler.class]
↑     ↓
|  appUserService (field private org.springframework.security.crypto.password.PasswordEncoder com.project.fitnessapp.services.AppUserService.passwordEncoder)
↑     ↓
|  securityConfig defined in file [C:\Users\milic\IdeaProjects\Fitness-App\target\classes\com\project\fitnessapp\config\SecurityConfig.class]
└─────┘


Action:

Relying upon circular references is discouraged and they are prohibited by default. Update your application to remove the dependency cycle between beans. As a last resort, it may be possible to break the cycle automatically by setting spring.main.allow-circular-references to true.

2024-10-30 15:16:06 - Starting FitnessAppApplication using Java 22.0.2 with PID 4676 (C:\Users\milic\IdeaProjects\Fitness-App\target\classes started by milic in C:\Users\milic\IdeaProjects\Fitness-App)
2024-10-30 15:16:06 - No active profile set, falling back to 1 default profile: "default"
2024-10-30 15:16:07 - Bootstrapping Spring Data JPA repositories in DEFAULT mode.
2024-10-30 15:16:07 - Finished Spring Data repository scanning in 39 ms. Found 4 JPA repository interfaces.
2024-10-30 15:16:07 - Tomcat initialized with port 8080 (http)
2024-10-30 15:16:07 - Initializing ProtocolHandler ["http-nio-8080"]
2024-10-30 15:16:07 - Starting service [Tomcat]
2024-10-30 15:16:07 - Starting Servlet engine: [Apache Tomcat/10.1.28]
2024-10-30 15:16:07 - Initializing Spring embedded WebApplicationContext
2024-10-30 15:16:07 - Root WebApplicationContext: initialization completed in 960 ms
2024-10-30 15:16:07 - HikariPool-1 - Starting...
2024-10-30 15:16:08 - HikariPool-1 - Added connection conn0: url=jdbc:h2:mem:testdb user=SA
2024-10-30 15:16:08 - HikariPool-1 - Start completed.
2024-10-30 15:16:08 - H2 console available at '/h2-console'. Database available at 'jdbc:h2:mem:testdb'
2024-10-30 15:16:08 - HHH000204: Processing PersistenceUnitInfo [name: default]
2024-10-30 15:16:08 - HHH000412: Hibernate ORM core version 6.5.2.Final
2024-10-30 15:16:08 - HHH000026: Second-level cache disabled
2024-10-30 15:16:08 - No LoadTimeWeaver setup: ignoring JPA class transformer
2024-10-30 15:16:09 - HHH000489: No JTA platform available (set 'hibernate.transaction.jta.platform' to enable JTA platform integration)
2024-10-30 15:16:09 - Initialized JPA EntityManagerFactory for persistence unit 'default'
2024-10-30 15:16:09 - Exception encountered during context initialization - cancelling refresh attempt: org.springframework.beans.factory.UnsatisfiedDependencyException: Error creating bean with name 'customAuthenticationSuccessHandler' defined in file [C:\Users\milic\IdeaProjects\Fitness-App\target\classes\com\project\fitnessapp\config\CustomAuthenticationSuccessHandler.class]: Unsatisfied dependency expressed through constructor parameter 0: Error creating bean with name 'appUserService': Unsatisfied dependency expressed through field 'passwordEncoder': Error creating bean with name 'securityConfig' defined in file [C:\Users\milic\IdeaProjects\Fitness-App\target\classes\com\project\fitnessapp\config\SecurityConfig.class]: Unsatisfied dependency expressed through constructor parameter 0: Error creating bean with name 'customAuthenticationSuccessHandler': Requested bean is currently in creation: Is there an unresolvable circular reference?
2024-10-30 15:16:09 - Closing JPA EntityManagerFactory for persistence unit 'default'
2024-10-30 15:16:09 - HikariPool-1 - Shutdown initiated...
2024-10-30 15:16:09 - HikariPool-1 - Shutdown completed.
2024-10-30 15:16:09 - Stopping service [Tomcat]
2024-10-30 15:16:09 - 

Error starting ApplicationContext. To display the condition evaluation report re-run your application with 'debug' enabled.
2024-10-30 15:16:09 - 

***************************
APPLICATION FAILED TO START
***************************

Description:

The dependencies of some of the beans in the application context form a cycle:

┌─────┐
|  customAuthenticationSuccessHandler defined in file [C:\Users\milic\IdeaProjects\Fitness-App\target\classes\com\project\fitnessapp\config\CustomAuthenticationSuccessHandler.class]
↑     ↓
|  appUserService (field private org.springframework.security.crypto.password.PasswordEncoder com.project.fitnessapp.services.AppUserService.passwordEncoder)
↑     ↓
|  securityConfig defined in file [C:\Users\milic\IdeaProjects\Fitness-App\target\classes\com\project\fitnessapp\config\SecurityConfig.class]
└─────┘


Action:

Relying upon circular references is discouraged and they are prohibited by default. Update your application to remove the dependency cycle between beans. As a last resort, it may be possible to break the cycle automatically by setting spring.main.allow-circular-references to true.

2024-10-30 15:19:14 - Starting FitnessAppApplication using Java 22.0.2 with PID 10932 (C:\Users\milic\IdeaProjects\Fitness-App\target\classes started by milic in C:\Users\milic\IdeaProjects\Fitness-App)
2024-10-30 15:19:14 - No active profile set, falling back to 1 default profile: "default"
2024-10-30 15:19:14 - Bootstrapping Spring Data JPA repositories in DEFAULT mode.
2024-10-30 15:19:14 - Finished Spring Data repository scanning in 37 ms. Found 4 JPA repository interfaces.
2024-10-30 15:19:15 - Tomcat initialized with port 8080 (http)
2024-10-30 15:19:15 - Initializing ProtocolHandler ["http-nio-8080"]
2024-10-30 15:19:15 - Starting service [Tomcat]
2024-10-30 15:19:15 - Starting Servlet engine: [Apache Tomcat/10.1.28]
2024-10-30 15:19:15 - Initializing Spring embedded WebApplicationContext
2024-10-30 15:19:15 - Root WebApplicationContext: initialization completed in 1037 ms
2024-10-30 15:19:15 - HikariPool-1 - Starting...
2024-10-30 15:19:15 - HikariPool-1 - Added connection conn0: url=jdbc:h2:mem:testdb user=SA
2024-10-30 15:19:15 - HikariPool-1 - Start completed.
2024-10-30 15:19:15 - H2 console available at '/h2-console'. Database available at 'jdbc:h2:mem:testdb'
2024-10-30 15:19:15 - HHH000204: Processing PersistenceUnitInfo [name: default]
2024-10-30 15:19:15 - HHH000412: Hibernate ORM core version 6.5.2.Final
2024-10-30 15:19:15 - HHH000026: Second-level cache disabled
2024-10-30 15:19:15 - No LoadTimeWeaver setup: ignoring JPA class transformer
2024-10-30 15:19:16 - HHH000489: No JTA platform available (set 'hibernate.transaction.jta.platform' to enable JTA platform integration)
2024-10-30 15:19:16 - Initialized JPA EntityManagerFactory for persistence unit 'default'
2024-10-30 15:19:16 - spring.jpa.open-in-view is enabled by default. Therefore, database queries may be performed during view rendering. Explicitly configure spring.jpa.open-in-view to disable this warning
2024-10-30 15:19:17 - Global AuthenticationManager configured with UserDetailsService bean with name userDetailsService
2024-10-30 15:19:17 - Starting ProtocolHandler ["http-nio-8080"]
2024-10-30 15:19:17 - Tomcat started on port 8080 (http) with context path '/'
2024-10-30 15:19:17 - Started FitnessAppApplication in 3.739 seconds (process running for 4.218)
2024-10-30 15:19:22 - Initializing Spring DispatcherServlet 'dispatcherServlet'
2024-10-30 15:19:22 - Initializing Servlet 'dispatcherServlet'
2024-10-30 15:19:22 - Completed initialization in 1 ms
2024-10-30 15:20:38 - Closing JPA EntityManagerFactory for persistence unit 'default'
2024-10-30 15:20:38 - HikariPool-1 - Shutdown initiated...
2024-10-30 15:20:38 - HikariPool-1 - Shutdown completed.
2024-10-30 15:21:21 - Starting FitnessAppApplication using Java 22.0.2 with PID 1376 (C:\Users\milic\IdeaProjects\Fitness-App\target\classes started by milic in C:\Users\milic\IdeaProjects\Fitness-App)
2024-10-30 15:21:21 - No active profile set, falling back to 1 default profile: "default"
2024-10-30 15:21:21 - Bootstrapping Spring Data JPA repositories in DEFAULT mode.
2024-10-30 15:21:21 - Finished Spring Data repository scanning in 41 ms. Found 4 JPA repository interfaces.
2024-10-30 15:21:22 - Tomcat initialized with port 8080 (http)
2024-10-30 15:21:22 - Initializing ProtocolHandler ["http-nio-8080"]
2024-10-30 15:21:22 - Starting service [Tomcat]
2024-10-30 15:21:22 - Starting Servlet engine: [Apache Tomcat/10.1.28]
2024-10-30 15:21:22 - Initializing Spring embedded WebApplicationContext
2024-10-30 15:21:22 - Root WebApplicationContext: initialization completed in 935 ms
2024-10-30 15:21:22 - HikariPool-1 - Starting...
2024-10-30 15:21:22 - HikariPool-1 - Added connection conn0: url=jdbc:h2:mem:testdb user=SA
2024-10-30 15:21:22 - HikariPool-1 - Start completed.
2024-10-30 15:21:22 - H2 console available at '/h2-console'. Database available at 'jdbc:h2:mem:testdb'
2024-10-30 15:21:22 - HHH000204: Processing PersistenceUnitInfo [name: default]
2024-10-30 15:21:22 - HHH000412: Hibernate ORM core version 6.5.2.Final
2024-10-30 15:21:22 - HHH000026: Second-level cache disabled
2024-10-30 15:21:22 - No LoadTimeWeaver setup: ignoring JPA class transformer
2024-10-30 15:21:23 - HHH000489: No JTA platform available (set 'hibernate.transaction.jta.platform' to enable JTA platform integration)
2024-10-30 15:21:23 - Initialized JPA EntityManagerFactory for persistence unit 'default'
2024-10-30 15:21:23 - spring.jpa.open-in-view is enabled by default. Therefore, database queries may be performed during view rendering. Explicitly configure spring.jpa.open-in-view to disable this warning
2024-10-30 15:21:24 - Global AuthenticationManager configured with UserDetailsService bean with name userDetailsService
2024-10-30 15:21:24 - Tomcat started on port 8080 (http) with context path '/'
2024-10-30 15:21:24 - Started FitnessAppApplication in 3.757 seconds (process running for 4.219)
2024-10-30 15:21:24 - Closing JPA EntityManagerFactory for persistence unit 'default'
2024-10-30 15:21:24 - HikariPool-1 - Shutdown initiated...
2024-10-30 15:21:24 - HikariPool-1 - Shutdown completed.
2024-10-30 15:21:24 - 

Error starting ApplicationContext. To display the condition evaluation report re-run your application with 'debug' enabled.
2024-10-30 15:27:03 - Starting FitnessAppApplication using Java 22.0.2 with PID 17008 (C:\Users\milic\IdeaProjects\Fitness-App\target\classes started by milic in C:\Users\milic\IdeaProjects\Fitness-App)
2024-10-30 15:27:03 - No active profile set, falling back to 1 default profile: "default"
2024-10-30 15:27:04 - Bootstrapping Spring Data JPA repositories in DEFAULT mode.
2024-10-30 15:27:04 - Finished Spring Data repository scanning in 35 ms. Found 4 JPA repository interfaces.
2024-10-30 15:27:04 - Tomcat initialized with port 8080 (http)
2024-10-30 15:27:04 - Initializing ProtocolHandler ["http-nio-8080"]
2024-10-30 15:27:04 - Starting service [Tomcat]
2024-10-30 15:27:04 - Starting Servlet engine: [Apache Tomcat/10.1.28]
2024-10-30 15:27:04 - Initializing Spring embedded WebApplicationContext
2024-10-30 15:27:04 - Root WebApplicationContext: initialization completed in 971 ms
2024-10-30 15:27:04 - HikariPool-1 - Starting...
2024-10-30 15:27:04 - HikariPool-1 - Added connection conn0: url=jdbc:h2:mem:testdb user=SA
2024-10-30 15:27:04 - HikariPool-1 - Start completed.
2024-10-30 15:27:04 - H2 console available at '/h2-console'. Database available at 'jdbc:h2:mem:testdb'
2024-10-30 15:27:04 - HHH000204: Processing PersistenceUnitInfo [name: default]
2024-10-30 15:27:04 - HHH000412: Hibernate ORM core version 6.5.2.Final
2024-10-30 15:27:04 - HHH000026: Second-level cache disabled
2024-10-30 15:27:05 - No LoadTimeWeaver setup: ignoring JPA class transformer
2024-10-30 15:27:05 - HHH000489: No JTA platform available (set 'hibernate.transaction.jta.platform' to enable JTA platform integration)
2024-10-30 15:27:05 - Initialized JPA EntityManagerFactory for persistence unit 'default'
2024-10-30 15:27:06 - spring.jpa.open-in-view is enabled by default. Therefore, database queries may be performed during view rendering. Explicitly configure spring.jpa.open-in-view to disable this warning
2024-10-30 15:27:06 - Global AuthenticationManager configured with UserDetailsService bean with name userDetailsService
2024-10-30 15:27:06 - Starting ProtocolHandler ["http-nio-8080"]
2024-10-30 15:27:06 - Tomcat started on port 8080 (http) with context path '/'
2024-10-30 15:27:06 - Started FitnessAppApplication in 3.747 seconds (process running for 4.225)
2024-10-30 15:27:12 - Initializing Spring DispatcherServlet 'dispatcherServlet'
2024-10-30 15:27:12 - Initializing Servlet 'dispatcherServlet'
2024-10-30 15:27:12 - Completed initialization in 3 ms
2024-10-30 15:27:58 - Closing JPA EntityManagerFactory for persistence unit 'default'
2024-10-30 15:27:58 - HikariPool-1 - Shutdown initiated...
2024-10-30 15:27:58 - HikariPool-1 - Shutdown completed.
2024-10-30 15:35:06 - Starting FitnessAppApplication using Java 22.0.2 with PID 15904 (C:\Users\milic\IdeaProjects\Fitness-App\target\classes started by milic in C:\Users\milic\IdeaProjects\Fitness-App)
2024-10-30 15:35:06 - No active profile set, falling back to 1 default profile: "default"
2024-10-30 15:35:06 - Bootstrapping Spring Data JPA repositories in DEFAULT mode.
2024-10-30 15:35:06 - Finished Spring Data repository scanning in 42 ms. Found 4 JPA repository interfaces.
2024-10-30 15:35:07 - Tomcat initialized with port 8080 (http)
2024-10-30 15:35:07 - Initializing ProtocolHandler ["http-nio-8080"]
2024-10-30 15:35:07 - Starting service [Tomcat]
2024-10-30 15:35:07 - Starting Servlet engine: [Apache Tomcat/10.1.28]
2024-10-30 15:35:07 - Initializing Spring embedded WebApplicationContext
2024-10-30 15:35:07 - Root WebApplicationContext: initialization completed in 971 ms
2024-10-30 15:35:07 - HikariPool-1 - Starting...
2024-10-30 15:35:07 - HikariPool-1 - Added connection conn0: url=jdbc:h2:mem:testdb user=SA
2024-10-30 15:35:07 - HikariPool-1 - Start completed.
2024-10-30 15:35:07 - H2 console available at '/h2-console'. Database available at 'jdbc:h2:mem:testdb'
2024-10-30 15:35:07 - HHH000204: Processing PersistenceUnitInfo [name: default]
2024-10-30 15:35:07 - HHH000412: Hibernate ORM core version 6.5.2.Final
2024-10-30 15:35:07 - HHH000026: Second-level cache disabled
2024-10-30 15:35:07 - No LoadTimeWeaver setup: ignoring JPA class transformer
2024-10-30 15:35:08 - HHH000489: No JTA platform available (set 'hibernate.transaction.jta.platform' to enable JTA platform integration)
2024-10-30 15:35:08 - Initialized JPA EntityManagerFactory for persistence unit 'default'
2024-10-30 15:35:08 - spring.jpa.open-in-view is enabled by default. Therefore, database queries may be performed during view rendering. Explicitly configure spring.jpa.open-in-view to disable this warning
2024-10-30 15:35:08 - Global AuthenticationManager configured with UserDetailsService bean with name userDetailsService
2024-10-30 15:35:09 - Starting ProtocolHandler ["http-nio-8080"]
2024-10-30 15:35:09 - Tomcat started on port 8080 (http) with context path '/'
2024-10-30 15:35:09 - Started FitnessAppApplication in 3.743 seconds (process running for 4.243)
2024-10-30 15:35:12 - Initializing Spring DispatcherServlet 'dispatcherServlet'
2024-10-30 15:35:12 - Initializing Servlet 'dispatcherServlet'
2024-10-30 15:35:12 - Completed initialization in 0 ms
2024-10-30 15:35:28 - Resolved [org.springframework.web.bind.MissingServletRequestParameterException: Required request parameter 'email' for method parameter type String is not present]
2024-10-30 15:36:01 - Closing JPA EntityManagerFactory for persistence unit 'default'
2024-10-30 15:36:01 - HikariPool-1 - Shutdown initiated...
2024-10-30 15:36:01 - HikariPool-1 - Shutdown completed.
2024-10-30 15:36:50 - Starting FitnessAppApplication using Java 22.0.2 with PID 12424 (C:\Users\milic\IdeaProjects\Fitness-App\target\classes started by milic in C:\Users\milic\IdeaProjects\Fitness-App)
2024-10-30 15:36:50 - No active profile set, falling back to 1 default profile: "default"
2024-10-30 15:36:51 - Bootstrapping Spring Data JPA repositories in DEFAULT mode.
2024-10-30 15:36:51 - Finished Spring Data repository scanning in 42 ms. Found 4 JPA repository interfaces.
2024-10-30 15:36:51 - Tomcat initialized with port 8080 (http)
2024-10-30 15:36:51 - Initializing ProtocolHandler ["http-nio-8080"]
2024-10-30 15:36:51 - Starting service [Tomcat]
2024-10-30 15:36:51 - Starting Servlet engine: [Apache Tomcat/10.1.28]
2024-10-30 15:36:51 - Initializing Spring embedded WebApplicationContext
2024-10-30 15:36:51 - Root WebApplicationContext: initialization completed in 999 ms
2024-10-30 15:36:51 - HikariPool-1 - Starting...
2024-10-30 15:36:52 - HikariPool-1 - Added connection conn0: url=jdbc:h2:mem:testdb user=SA
2024-10-30 15:36:52 - HikariPool-1 - Start completed.
2024-10-30 15:36:52 - H2 console available at '/h2-console'. Database available at 'jdbc:h2:mem:testdb'
2024-10-30 15:36:52 - HHH000204: Processing PersistenceUnitInfo [name: default]
2024-10-30 15:36:52 - HHH000412: Hibernate ORM core version 6.5.2.Final
2024-10-30 15:36:52 - HHH000026: Second-level cache disabled
2024-10-30 15:36:52 - No LoadTimeWeaver setup: ignoring JPA class transformer
2024-10-30 15:36:53 - HHH000489: No JTA platform available (set 'hibernate.transaction.jta.platform' to enable JTA platform integration)
2024-10-30 15:36:53 - Initialized JPA EntityManagerFactory for persistence unit 'default'
2024-10-30 15:36:53 - spring.jpa.open-in-view is enabled by default. Therefore, database queries may be performed during view rendering. Explicitly configure spring.jpa.open-in-view to disable this warning
2024-10-30 15:36:53 - Global AuthenticationManager configured with UserDetailsService bean with name userDetailsService
2024-10-30 15:36:54 - Starting ProtocolHandler ["http-nio-8080"]
2024-10-30 15:36:54 - Tomcat started on port 8080 (http) with context path '/'
2024-10-30 15:36:54 - Started FitnessAppApplication in 3.844 seconds (process running for 4.333)
2024-10-30 15:36:55 - Initializing Spring DispatcherServlet 'dispatcherServlet'
2024-10-30 15:36:55 - Initializing Servlet 'dispatcherServlet'
2024-10-30 15:36:55 - Completed initialization in 2 ms
2024-10-30 15:37:11 - Resolved [org.springframework.web.bind.MissingServletRequestParameterException: Required request parameter 'email' for method parameter type String is not present]
2024-10-30 15:37:48 - Closing JPA EntityManagerFactory for persistence unit 'default'
2024-10-30 15:37:48 - HikariPool-1 - Shutdown initiated...
2024-10-30 15:37:48 - HikariPool-1 - Shutdown completed.
2024-10-30 15:38:08 - Starting FitnessAppApplication using Java 22.0.2 with PID 16972 (C:\Users\milic\IdeaProjects\Fitness-App\target\classes started by milic in C:\Users\milic\IdeaProjects\Fitness-App)
2024-10-30 15:38:08 - No active profile set, falling back to 1 default profile: "default"
2024-10-30 15:38:08 - Bootstrapping Spring Data JPA repositories in DEFAULT mode.
2024-10-30 15:38:08 - Finished Spring Data repository scanning in 37 ms. Found 4 JPA repository interfaces.
2024-10-30 15:38:09 - Tomcat initialized with port 8080 (http)
2024-10-30 15:38:09 - Initializing ProtocolHandler ["http-nio-8080"]
2024-10-30 15:38:09 - Starting service [Tomcat]
2024-10-30 15:38:09 - Starting Servlet engine: [Apache Tomcat/10.1.28]
2024-10-30 15:38:09 - Initializing Spring embedded WebApplicationContext
2024-10-30 15:38:09 - Root WebApplicationContext: initialization completed in 990 ms
2024-10-30 15:38:09 - HikariPool-1 - Starting...
2024-10-30 15:38:09 - HikariPool-1 - Added connection conn0: url=jdbc:h2:mem:testdb user=SA
2024-10-30 15:38:09 - HikariPool-1 - Start completed.
2024-10-30 15:38:09 - H2 console available at '/h2-console'. Database available at 'jdbc:h2:mem:testdb'
2024-10-30 15:38:09 - HHH000204: Processing PersistenceUnitInfo [name: default]
2024-10-30 15:38:09 - HHH000412: Hibernate ORM core version 6.5.2.Final
2024-10-30 15:38:09 - HHH000026: Second-level cache disabled
2024-10-30 15:38:09 - No LoadTimeWeaver setup: ignoring JPA class transformer
2024-10-30 15:38:10 - HHH000489: No JTA platform available (set 'hibernate.transaction.jta.platform' to enable JTA platform integration)
2024-10-30 15:38:10 - Initialized JPA EntityManagerFactory for persistence unit 'default'
2024-10-30 15:38:11 - spring.jpa.open-in-view is enabled by default. Therefore, database queries may be performed during view rendering. Explicitly configure spring.jpa.open-in-view to disable this warning
2024-10-30 15:38:11 - Global AuthenticationManager configured with UserDetailsService bean with name userDetailsService
2024-10-30 15:38:11 - Starting ProtocolHandler ["http-nio-8080"]
2024-10-30 15:38:11 - Tomcat started on port 8080 (http) with context path '/'
2024-10-30 15:38:11 - Started FitnessAppApplication in 3.835 seconds (process running for 4.351)
2024-10-30 15:38:14 - Initializing Spring DispatcherServlet 'dispatcherServlet'
2024-10-30 15:38:14 - Initializing Servlet 'dispatcherServlet'
2024-10-30 15:38:14 - Completed initialization in 2 ms
2024-10-30 15:38:25 - Resolved [org.springframework.web.bind.MissingServletRequestParameterException: Required request parameter 'email' for method parameter type String is not present]
2024-10-30 15:38:42 - Closing JPA EntityManagerFactory for persistence unit 'default'
2024-10-30 15:38:42 - HikariPool-1 - Shutdown initiated...
2024-10-30 15:38:42 - HikariPool-1 - Shutdown completed.
2024-10-30 15:42:54 - Starting FitnessAppApplication using Java 22.0.2 with PID 6040 (C:\Users\milic\IdeaProjects\Fitness-App\target\classes started by milic in C:\Users\milic\IdeaProjects\Fitness-App)
2024-10-30 15:42:54 - No active profile set, falling back to 1 default profile: "default"
2024-10-30 15:42:54 - Bootstrapping Spring Data JPA repositories in DEFAULT mode.
2024-10-30 15:42:54 - Finished Spring Data repository scanning in 37 ms. Found 4 JPA repository interfaces.
2024-10-30 15:42:55 - Tomcat initialized with port 8080 (http)
2024-10-30 15:42:55 - Initializing ProtocolHandler ["http-nio-8080"]
2024-10-30 15:42:55 - Starting service [Tomcat]
2024-10-30 15:42:55 - Starting Servlet engine: [Apache Tomcat/10.1.28]
2024-10-30 15:42:55 - Initializing Spring embedded WebApplicationContext
2024-10-30 15:42:55 - Root WebApplicationContext: initialization completed in 968 ms
2024-10-30 15:42:55 - HikariPool-1 - Starting...
2024-10-30 15:42:55 - HikariPool-1 - Added connection conn0: url=jdbc:h2:mem:testdb user=SA
2024-10-30 15:42:55 - HikariPool-1 - Start completed.
2024-10-30 15:42:55 - H2 console available at '/h2-console'. Database available at 'jdbc:h2:mem:testdb'
2024-10-30 15:42:55 - HHH000204: Processing PersistenceUnitInfo [name: default]
2024-10-30 15:42:55 - HHH000412: Hibernate ORM core version 6.5.2.Final
2024-10-30 15:42:55 - HHH000026: Second-level cache disabled
2024-10-30 15:42:55 - No LoadTimeWeaver setup: ignoring JPA class transformer
2024-10-30 15:42:56 - HHH000489: No JTA platform available (set 'hibernate.transaction.jta.platform' to enable JTA platform integration)
2024-10-30 15:42:56 - Initialized JPA EntityManagerFactory for persistence unit 'default'
2024-10-30 15:42:56 - spring.jpa.open-in-view is enabled by default. Therefore, database queries may be performed during view rendering. Explicitly configure spring.jpa.open-in-view to disable this warning
2024-10-30 15:42:57 - Global AuthenticationManager configured with UserDetailsService bean with name userDetailsService
2024-10-30 15:42:57 - Starting ProtocolHandler ["http-nio-8080"]
2024-10-30 15:42:57 - Tomcat started on port 8080 (http) with context path '/'
2024-10-30 15:42:57 - Started FitnessAppApplication in 3.722 seconds (process running for 4.306)
2024-10-30 15:43:02 - Initializing Spring DispatcherServlet 'dispatcherServlet'
2024-10-30 15:43:02 - Initializing Servlet 'dispatcherServlet'
2024-10-30 15:43:02 - Completed initialization in 1 ms
2024-10-30 15:43:17 - Resolved [org.springframework.web.bind.MissingServletRequestParameterException: Required request parameter 'email' for method parameter type String is not present]
2024-10-30 15:44:47 - Closing JPA EntityManagerFactory for persistence unit 'default'
2024-10-30 15:44:47 - HikariPool-1 - Shutdown initiated...
2024-10-30 15:44:47 - HikariPool-1 - Shutdown completed.
2024-10-30 15:45:07 - Starting FitnessAppApplication using Java 22.0.2 with PID 18052 (C:\Users\milic\IdeaProjects\Fitness-App\target\classes started by milic in C:\Users\milic\IdeaProjects\Fitness-App)
2024-10-30 15:45:07 - No active profile set, falling back to 1 default profile: "default"
2024-10-30 15:45:08 - Bootstrapping Spring Data JPA repositories in DEFAULT mode.
2024-10-30 15:45:08 - Finished Spring Data repository scanning in 35 ms. Found 4 JPA repository interfaces.
2024-10-30 15:45:08 - Tomcat initialized with port 8080 (http)
2024-10-30 15:45:08 - Initializing ProtocolHandler ["http-nio-8080"]
2024-10-30 15:45:08 - Starting service [Tomcat]
2024-10-30 15:45:08 - Starting Servlet engine: [Apache Tomcat/10.1.28]
2024-10-30 15:45:08 - Initializing Spring embedded WebApplicationContext
2024-10-30 15:45:08 - Root WebApplicationContext: initialization completed in 953 ms
2024-10-30 15:45:08 - HikariPool-1 - Starting...
2024-10-30 15:45:08 - HikariPool-1 - Added connection conn0: url=jdbc:h2:mem:testdb user=SA
2024-10-30 15:45:08 - HikariPool-1 - Start completed.
2024-10-30 15:45:08 - H2 console available at '/h2-console'. Database available at 'jdbc:h2:mem:testdb'
2024-10-30 15:45:08 - HHH000204: Processing PersistenceUnitInfo [name: default]
2024-10-30 15:45:08 - HHH000412: Hibernate ORM core version 6.5.2.Final
2024-10-30 15:45:08 - HHH000026: Second-level cache disabled
2024-10-30 15:45:09 - No LoadTimeWeaver setup: ignoring JPA class transformer
2024-10-30 15:45:09 - HHH000489: No JTA platform available (set 'hibernate.transaction.jta.platform' to enable JTA platform integration)
2024-10-30 15:45:09 - Initialized JPA EntityManagerFactory for persistence unit 'default'
2024-10-30 15:45:10 - spring.jpa.open-in-view is enabled by default. Therefore, database queries may be performed during view rendering. Explicitly configure spring.jpa.open-in-view to disable this warning
2024-10-30 15:45:10 - Global AuthenticationManager configured with UserDetailsService bean with name userDetailsService
2024-10-30 15:45:10 - Starting ProtocolHandler ["http-nio-8080"]
2024-10-30 15:45:10 - Tomcat started on port 8080 (http) with context path '/'
2024-10-30 15:45:10 - Started FitnessAppApplication in 3.701 seconds (process running for 4.198)
2024-10-30 15:45:13 - Initializing Spring DispatcherServlet 'dispatcherServlet'
2024-10-30 15:45:13 - Initializing Servlet 'dispatcherServlet'
2024-10-30 15:45:13 - Completed initialization in 0 ms
2024-10-30 15:47:16 - Closing JPA EntityManagerFactory for persistence unit 'default'
2024-10-30 15:47:16 - HikariPool-1 - Shutdown initiated...
2024-10-30 15:47:16 - HikariPool-1 - Shutdown completed.
2024-10-30 15:48:36 - Starting FitnessAppApplication using Java 22.0.2 with PID 10116 (C:\Users\milic\IdeaProjects\Fitness-App\target\classes started by milic in C:\Users\milic\IdeaProjects\Fitness-App)
2024-10-30 15:48:36 - No active profile set, falling back to 1 default profile: "default"
2024-10-30 15:48:37 - Bootstrapping Spring Data JPA repositories in DEFAULT mode.
2024-10-30 15:48:37 - Finished Spring Data repository scanning in 37 ms. Found 4 JPA repository interfaces.
2024-10-30 15:48:37 - Tomcat initialized with port 8080 (http)
2024-10-30 15:48:37 - Initializing ProtocolHandler ["http-nio-8080"]
2024-10-30 15:48:37 - Starting service [Tomcat]
2024-10-30 15:48:37 - Starting Servlet engine: [Apache Tomcat/10.1.28]
2024-10-30 15:48:37 - Initializing Spring embedded WebApplicationContext
2024-10-30 15:48:37 - Root WebApplicationContext: initialization completed in 994 ms
2024-10-30 15:48:37 - HikariPool-1 - Starting...
2024-10-30 15:48:37 - HikariPool-1 - Added connection conn0: url=jdbc:h2:mem:testdb user=SA
2024-10-30 15:48:37 - HikariPool-1 - Start completed.
2024-10-30 15:48:37 - H2 console available at '/h2-console'. Database available at 'jdbc:h2:mem:testdb'
2024-10-30 15:48:37 - HHH000204: Processing PersistenceUnitInfo [name: default]
2024-10-30 15:48:37 - HHH000412: Hibernate ORM core version 6.5.2.Final
2024-10-30 15:48:37 - HHH000026: Second-level cache disabled
2024-10-30 15:48:38 - No LoadTimeWeaver setup: ignoring JPA class transformer
2024-10-30 15:48:38 - HHH000489: No JTA platform available (set 'hibernate.transaction.jta.platform' to enable JTA platform integration)
2024-10-30 15:48:38 - Initialized JPA EntityManagerFactory for persistence unit 'default'
2024-10-30 15:48:39 - spring.jpa.open-in-view is enabled by default. Therefore, database queries may be performed during view rendering. Explicitly configure spring.jpa.open-in-view to disable this warning
2024-10-30 15:48:39 - Global AuthenticationManager configured with UserDetailsService bean with name userDetailsService
2024-10-30 15:48:39 - Starting ProtocolHandler ["http-nio-8080"]
2024-10-30 15:48:40 - Tomcat started on port 8080 (http) with context path '/'
2024-10-30 15:48:40 - Started FitnessAppApplication in 3.9 seconds (process running for 4.391)
2024-10-30 15:48:40 - Initializing Spring DispatcherServlet 'dispatcherServlet'
2024-10-30 15:48:40 - Initializing Servlet 'dispatcherServlet'
2024-10-30 15:48:40 - Completed initialization in 0 ms
2024-10-30 15:49:24 - Resolved [org.springframework.web.bind.MissingServletRequestParameterException: Required request parameter 'email' for method parameter type String is not present]
2024-10-30 15:49:24 - [THYMELEAF][http-nio-8080-exec-2] Exception processing template "error": Error resolving template [error], template might not exist or might not be accessible by any of the configured Template Resolvers
org.thymeleaf.exceptions.TemplateInputException: Error resolving template [error], template might not exist or might not be accessible by any of the configured Template Resolvers
	at org.thymeleaf.engine.TemplateManager.resolveTemplate(TemplateManager.java:869)
	at org.thymeleaf.engine.TemplateManager.parseAndProcess(TemplateManager.java:607)
	at org.thymeleaf.TemplateEngine.process(TemplateEngine.java:1103)
	at org.thymeleaf.TemplateEngine.process(TemplateEngine.java:1077)
	at org.thymeleaf.spring6.view.ThymeleafView.renderFragment(ThymeleafView.java:372)
	at org.thymeleaf.spring6.view.ThymeleafView.render(ThymeleafView.java:192)
	at org.springframework.web.servlet.DispatcherServlet.render(DispatcherServlet.java:1432)
	at org.springframework.web.servlet.DispatcherServlet.processDispatchResult(DispatcherServlet.java:1168)
	at org.springframework.web.servlet.DispatcherServlet.doDispatch(DispatcherServlet.java:1106)
	at org.springframework.web.servlet.DispatcherServlet.doService(DispatcherServlet.java:979)
	at org.springframework.web.servlet.FrameworkServlet.processRequest(FrameworkServlet.java:1014)
	at org.springframework.web.servlet.FrameworkServlet.doPost(FrameworkServlet.java:914)
	at jakarta.servlet.http.HttpServlet.service(HttpServlet.java:590)
	at org.springframework.web.servlet.FrameworkServlet.service(FrameworkServlet.java:885)
	at jakarta.servlet.http.HttpServlet.service(HttpServlet.java:658)
	at org.apache.catalina.core.ApplicationFilterChain.internalDoFilter(ApplicationFilterChain.java:195)
	at org.apache.catalina.core.ApplicationFilterChain.doFilter(ApplicationFilterChain.java:140)
	at org.springframework.web.filter.CompositeFilter$VirtualFilterChain.doFilter(CompositeFilter.java:108)
	at org.springframework.security.web.FilterChainProxy.lambda$doFilterInternal$3(FilterChainProxy.java:231)
	at org.springframework.security.web.FilterChainProxy$VirtualFilterChain.doFilter(FilterChainProxy.java:365)
	at org.springframework.security.web.access.intercept.AuthorizationFilter.doFilter(AuthorizationFilter.java:100)
	at org.springframework.security.web.FilterChainProxy$VirtualFilterChain.doFilter(FilterChainProxy.java:374)
	at org.springframework.security.web.access.ExceptionTranslationFilter.doFilter(ExceptionTranslationFilter.java:126)
	at org.springframework.security.web.access.ExceptionTranslationFilter.doFilter(ExceptionTranslationFilter.java:120)
	at org.springframework.security.web.FilterChainProxy$VirtualFilterChain.doFilter(FilterChainProxy.java:374)
	at org.springframework.security.web.authentication.AnonymousAuthenticationFilter.doFilter(AnonymousAuthenticationFilter.java:100)
	at org.springframework.security.web.FilterChainProxy$VirtualFilterChain.doFilter(FilterChainProxy.java:374)
	at org.springframework.security.web.servletapi.SecurityContextHolderAwareRequestFilter.doFilter(SecurityContextHolderAwareRequestFilter.java:179)
	at org.springframework.security.web.FilterChainProxy$VirtualFilterChain.doFilter(FilterChainProxy.java:374)
	at org.springframework.security.web.savedrequest.RequestCacheAwareFilter.doFilter(RequestCacheAwareFilter.java:63)
	at org.springframework.security.web.FilterChainProxy$VirtualFilterChain.doFilter(FilterChainProxy.java:374)
	at org.springframework.security.web.authentication.AbstractAuthenticationProcessingFilter.doFilter(AbstractAuthenticationProcessingFilter.java:227)
	at org.springframework.security.web.authentication.AbstractAuthenticationProcessingFilter.doFilter(AbstractAuthenticationProcessingFilter.java:221)
	at org.springframework.security.web.FilterChainProxy$VirtualFilterChain.doFilter(FilterChainProxy.java:374)
	at org.springframework.security.web.authentication.logout.LogoutFilter.doFilter(LogoutFilter.java:107)
	at org.springframework.security.web.authentication.logout.LogoutFilter.doFilter(LogoutFilter.java:93)
	at org.springframework.security.web.FilterChainProxy$VirtualFilterChain.doFilter(FilterChainProxy.java:374)
	at org.springframework.web.filter.OncePerRequestFilter.doFilter(OncePerRequestFilter.java:101)
	at org.springframework.security.web.FilterChainProxy$VirtualFilterChain.doFilter(FilterChainProxy.java:374)
	at org.springframework.web.filter.OncePerRequestFilter.doFilter(OncePerRequestFilter.java:101)
	at org.springframework.security.web.FilterChainProxy$VirtualFilterChain.doFilter(FilterChainProxy.java:374)
	at org.springframework.security.web.context.SecurityContextHolderFilter.doFilter(SecurityContextHolderFilter.java:82)
	at org.springframework.security.web.context.SecurityContextHolderFilter.doFilter(SecurityContextHolderFilter.java:69)
	at org.springframework.security.web.FilterChainProxy$VirtualFilterChain.doFilter(FilterChainProxy.java:374)
	at org.springframework.web.filter.OncePerRequestFilter.doFilter(OncePerRequestFilter.java:101)
	at org.springframework.security.web.FilterChainProxy$VirtualFilterChain.doFilter(FilterChainProxy.java:374)
	at org.springframework.web.filter.OncePerRequestFilter.doFilter(OncePerRequestFilter.java:101)
	at org.springframework.security.web.FilterChainProxy$VirtualFilterChain.doFilter(FilterChainProxy.java:374)
	at org.springframework.security.web.FilterChainProxy.doFilterInternal(FilterChainProxy.java:233)
	at org.springframework.security.web.FilterChainProxy.doFilter(FilterChainProxy.java:191)
	at org.springframework.web.filter.CompositeFilter$VirtualFilterChain.doFilter(CompositeFilter.java:113)
	at org.springframework.web.servlet.handler.HandlerMappingIntrospector.lambda$createCacheFilter$3(HandlerMappingIntrospector.java:195)
	at org.springframework.web.filter.CompositeFilter$VirtualFilterChain.doFilter(CompositeFilter.java:113)
	at org.springframework.web.filter.CompositeFilter.doFilter(CompositeFilter.java:74)
	at org.springframework.security.config.annotation.web.configuration.WebMvcSecurityConfiguration$CompositeFilterChainProxy.doFilter(WebMvcSecurityConfiguration.java:230)
	at org.springframework.web.filter.DelegatingFilterProxy.invokeDelegate(DelegatingFilterProxy.java:352)
	at org.springframework.web.filter.DelegatingFilterProxy.doFilter(DelegatingFilterProxy.java:268)
	at org.apache.catalina.core.ApplicationFilterChain.internalDoFilter(ApplicationFilterChain.java:164)
	at org.apache.catalina.core.ApplicationFilterChain.doFilter(ApplicationFilterChain.java:140)
	at org.springframework.web.filter.RequestContextFilter.doFilterInternal(RequestContextFilter.java:100)
	at org.springframework.web.filter.OncePerRequestFilter.doFilter(OncePerRequestFilter.java:116)
	at org.apache.catalina.core.ApplicationFilterChain.internalDoFilter(ApplicationFilterChain.java:164)
	at org.apache.catalina.core.ApplicationFilterChain.doFilter(ApplicationFilterChain.java:140)
	at org.springframework.web.filter.OncePerRequestFilter.doFilter(OncePerRequestFilter.java:101)
	at org.apache.catalina.core.ApplicationFilterChain.internalDoFilter(ApplicationFilterChain.java:164)
	at org.apache.catalina.core.ApplicationFilterChain.doFilter(ApplicationFilterChain.java:140)
	at org.springframework.web.filter.OncePerRequestFilter.doFilter(OncePerRequestFilter.java:101)
	at org.apache.catalina.core.ApplicationFilterChain.internalDoFilter(ApplicationFilterChain.java:164)
	at org.apache.catalina.core.ApplicationFilterChain.doFilter(ApplicationFilterChain.java:140)
	at org.apache.catalina.core.ApplicationDispatcher.invoke(ApplicationDispatcher.java:632)
	at org.apache.catalina.core.ApplicationDispatcher.processRequest(ApplicationDispatcher.java:410)
	at org.apache.catalina.core.ApplicationDispatcher.doForward(ApplicationDispatcher.java:330)
	at org.apache.catalina.core.ApplicationDispatcher.forward(ApplicationDispatcher.java:267)
	at org.apache.catalina.core.StandardHostValve.custom(StandardHostValve.java:362)
	at org.apache.catalina.core.StandardHostValve.status(StandardHostValve.java:222)
	at org.apache.catalina.core.StandardHostValve.invoke(StandardHostValve.java:151)
	at org.apache.catalina.valves.ErrorReportValve.invoke(ErrorReportValve.java:93)
	at org.apache.catalina.core.StandardEngineValve.invoke(StandardEngineValve.java:74)
	at org.apache.catalina.connector.CoyoteAdapter.service(CoyoteAdapter.java:344)
	at org.apache.coyote.http11.Http11Processor.service(Http11Processor.java:384)
	at org.apache.coyote.AbstractProcessorLight.process(AbstractProcessorLight.java:63)
	at org.apache.coyote.AbstractProtocol$ConnectionHandler.process(AbstractProtocol.java:904)
	at org.apache.tomcat.util.net.NioEndpoint$SocketProcessor.doRun(NioEndpoint.java:1741)
	at org.apache.tomcat.util.net.SocketProcessorBase.run(SocketProcessorBase.java:52)
	at org.apache.tomcat.util.threads.ThreadPoolExecutor.runWorker(ThreadPoolExecutor.java:1190)
	at org.apache.tomcat.util.threads.ThreadPoolExecutor$Worker.run(ThreadPoolExecutor.java:659)
	at org.apache.tomcat.util.threads.TaskThread$WrappingRunnable.run(TaskThread.java:63)
	at java.base/java.lang.Thread.run(Thread.java:1570)
2024-10-30 15:49:24 - Servlet.service() for servlet [dispatcherServlet] threw exception
org.thymeleaf.exceptions.TemplateInputException: Error resolving template [error], template might not exist or might not be accessible by any of the configured Template Resolvers
	at org.thymeleaf.engine.TemplateManager.resolveTemplate(TemplateManager.java:869)
	at org.thymeleaf.engine.TemplateManager.parseAndProcess(TemplateManager.java:607)
	at org.thymeleaf.TemplateEngine.process(TemplateEngine.java:1103)
	at org.thymeleaf.TemplateEngine.process(TemplateEngine.java:1077)
	at org.thymeleaf.spring6.view.ThymeleafView.renderFragment(ThymeleafView.java:372)
	at org.thymeleaf.spring6.view.ThymeleafView.render(ThymeleafView.java:192)
	at org.springframework.web.servlet.DispatcherServlet.render(DispatcherServlet.java:1432)
	at org.springframework.web.servlet.DispatcherServlet.processDispatchResult(DispatcherServlet.java:1168)
	at org.springframework.web.servlet.DispatcherServlet.doDispatch(DispatcherServlet.java:1106)
	at org.springframework.web.servlet.DispatcherServlet.doService(DispatcherServlet.java:979)
	at org.springframework.web.servlet.FrameworkServlet.processRequest(FrameworkServlet.java:1014)
	at org.springframework.web.servlet.FrameworkServlet.doPost(FrameworkServlet.java:914)
	at jakarta.servlet.http.HttpServlet.service(HttpServlet.java:590)
	at org.springframework.web.servlet.FrameworkServlet.service(FrameworkServlet.java:885)
	at jakarta.servlet.http.HttpServlet.service(HttpServlet.java:658)
	at org.apache.catalina.core.ApplicationFilterChain.internalDoFilter(ApplicationFilterChain.java:195)
	at org.apache.catalina.core.ApplicationFilterChain.doFilter(ApplicationFilterChain.java:140)
	at org.springframework.web.filter.CompositeFilter$VirtualFilterChain.doFilter(CompositeFilter.java:108)
	at org.springframework.security.web.FilterChainProxy.lambda$doFilterInternal$3(FilterChainProxy.java:231)
	at org.springframework.security.web.FilterChainProxy$VirtualFilterChain.doFilter(FilterChainProxy.java:365)
	at org.springframework.security.web.access.intercept.AuthorizationFilter.doFilter(AuthorizationFilter.java:100)
	at org.springframework.security.web.FilterChainProxy$VirtualFilterChain.doFilter(FilterChainProxy.java:374)
	at org.springframework.security.web.access.ExceptionTranslationFilter.doFilter(ExceptionTranslationFilter.java:126)
	at org.springframework.security.web.access.ExceptionTranslationFilter.doFilter(ExceptionTranslationFilter.java:120)
	at org.springframework.security.web.FilterChainProxy$VirtualFilterChain.doFilter(FilterChainProxy.java:374)
	at org.springframework.security.web.authentication.AnonymousAuthenticationFilter.doFilter(AnonymousAuthenticationFilter.java:100)
	at org.springframework.security.web.FilterChainProxy$VirtualFilterChain.doFilter(FilterChainProxy.java:374)
	at org.springframework.security.web.servletapi.SecurityContextHolderAwareRequestFilter.doFilter(SecurityContextHolderAwareRequestFilter.java:179)
	at org.springframework.security.web.FilterChainProxy$VirtualFilterChain.doFilter(FilterChainProxy.java:374)
	at org.springframework.security.web.savedrequest.RequestCacheAwareFilter.doFilter(RequestCacheAwareFilter.java:63)
	at org.springframework.security.web.FilterChainProxy$VirtualFilterChain.doFilter(FilterChainProxy.java:374)
	at org.springframework.security.web.authentication.AbstractAuthenticationProcessingFilter.doFilter(AbstractAuthenticationProcessingFilter.java:227)
	at org.springframework.security.web.authentication.AbstractAuthenticationProcessingFilter.doFilter(AbstractAuthenticationProcessingFilter.java:221)
	at org.springframework.security.web.FilterChainProxy$VirtualFilterChain.doFilter(FilterChainProxy.java:374)
	at org.springframework.security.web.authentication.logout.LogoutFilter.doFilter(LogoutFilter.java:107)
	at org.springframework.security.web.authentication.logout.LogoutFilter.doFilter(LogoutFilter.java:93)
	at org.springframework.security.web.FilterChainProxy$VirtualFilterChain.doFilter(FilterChainProxy.java:374)
	at org.springframework.web.filter.OncePerRequestFilter.doFilter(OncePerRequestFilter.java:101)
	at org.springframework.security.web.FilterChainProxy$VirtualFilterChain.doFilter(FilterChainProxy.java:374)
	at org.springframework.web.filter.OncePerRequestFilter.doFilter(OncePerRequestFilter.java:101)
	at org.springframework.security.web.FilterChainProxy$VirtualFilterChain.doFilter(FilterChainProxy.java:374)
	at org.springframework.security.web.context.SecurityContextHolderFilter.doFilter(SecurityContextHolderFilter.java:82)
	at org.springframework.security.web.context.SecurityContextHolderFilter.doFilter(SecurityContextHolderFilter.java:69)
	at org.springframework.security.web.FilterChainProxy$VirtualFilterChain.doFilter(FilterChainProxy.java:374)
	at org.springframework.web.filter.OncePerRequestFilter.doFilter(OncePerRequestFilter.java:101)
	at org.springframework.security.web.FilterChainProxy$VirtualFilterChain.doFilter(FilterChainProxy.java:374)
	at org.springframework.web.filter.OncePerRequestFilter.doFilter(OncePerRequestFilter.java:101)
	at org.springframework.security.web.FilterChainProxy$VirtualFilterChain.doFilter(FilterChainProxy.java:374)
	at org.springframework.security.web.FilterChainProxy.doFilterInternal(FilterChainProxy.java:233)
	at org.springframework.security.web.FilterChainProxy.doFilter(FilterChainProxy.java:191)
	at org.springframework.web.filter.CompositeFilter$VirtualFilterChain.doFilter(CompositeFilter.java:113)
	at org.springframework.web.servlet.handler.HandlerMappingIntrospector.lambda$createCacheFilter$3(HandlerMappingIntrospector.java:195)
	at org.springframework.web.filter.CompositeFilter$VirtualFilterChain.doFilter(CompositeFilter.java:113)
	at org.springframework.web.filter.CompositeFilter.doFilter(CompositeFilter.java:74)
	at org.springframework.security.config.annotation.web.configuration.WebMvcSecurityConfiguration$CompositeFilterChainProxy.doFilter(WebMvcSecurityConfiguration.java:230)
	at org.springframework.web.filter.DelegatingFilterProxy.invokeDelegate(DelegatingFilterProxy.java:352)
	at org.springframework.web.filter.DelegatingFilterProxy.doFilter(DelegatingFilterProxy.java:268)
	at org.apache.catalina.core.ApplicationFilterChain.internalDoFilter(ApplicationFilterChain.java:164)
	at org.apache.catalina.core.ApplicationFilterChain.doFilter(ApplicationFilterChain.java:140)
	at org.springframework.web.filter.RequestContextFilter.doFilterInternal(RequestContextFilter.java:100)
	at org.springframework.web.filter.OncePerRequestFilter.doFilter(OncePerRequestFilter.java:116)
	at org.apache.catalina.core.ApplicationFilterChain.internalDoFilter(ApplicationFilterChain.java:164)
	at org.apache.catalina.core.ApplicationFilterChain.doFilter(ApplicationFilterChain.java:140)
	at org.springframework.web.filter.OncePerRequestFilter.doFilter(OncePerRequestFilter.java:101)
	at org.apache.catalina.core.ApplicationFilterChain.internalDoFilter(ApplicationFilterChain.java:164)
	at org.apache.catalina.core.ApplicationFilterChain.doFilter(ApplicationFilterChain.java:140)
	at org.springframework.web.filter.OncePerRequestFilter.doFilter(OncePerRequestFilter.java:101)
	at org.apache.catalina.core.ApplicationFilterChain.internalDoFilter(ApplicationFilterChain.java:164)
	at org.apache.catalina.core.ApplicationFilterChain.doFilter(ApplicationFilterChain.java:140)
	at org.apache.catalina.core.ApplicationDispatcher.invoke(ApplicationDispatcher.java:632)
	at org.apache.catalina.core.ApplicationDispatcher.processRequest(ApplicationDispatcher.java:410)
	at org.apache.catalina.core.ApplicationDispatcher.doForward(ApplicationDispatcher.java:330)
	at org.apache.catalina.core.ApplicationDispatcher.forward(ApplicationDispatcher.java:267)
	at org.apache.catalina.core.StandardHostValve.custom(StandardHostValve.java:362)
	at org.apache.catalina.core.StandardHostValve.status(StandardHostValve.java:222)
	at org.apache.catalina.core.StandardHostValve.invoke(StandardHostValve.java:151)
	at org.apache.catalina.valves.ErrorReportValve.invoke(ErrorReportValve.java:93)
	at org.apache.catalina.core.StandardEngineValve.invoke(StandardEngineValve.java:74)
	at org.apache.catalina.connector.CoyoteAdapter.service(CoyoteAdapter.java:344)
	at org.apache.coyote.http11.Http11Processor.service(Http11Processor.java:384)
	at org.apache.coyote.AbstractProcessorLight.process(AbstractProcessorLight.java:63)
	at org.apache.coyote.AbstractProtocol$ConnectionHandler.process(AbstractProtocol.java:904)
	at org.apache.tomcat.util.net.NioEndpoint$SocketProcessor.doRun(NioEndpoint.java:1741)
	at org.apache.tomcat.util.net.SocketProcessorBase.run(SocketProcessorBase.java:52)
	at org.apache.tomcat.util.threads.ThreadPoolExecutor.runWorker(ThreadPoolExecutor.java:1190)
	at org.apache.tomcat.util.threads.ThreadPoolExecutor$Worker.run(ThreadPoolExecutor.java:659)
	at org.apache.tomcat.util.threads.TaskThread$WrappingRunnable.run(TaskThread.java:63)
	at java.base/java.lang.Thread.run(Thread.java:1570)
2024-10-30 15:49:24 - Exception Processing [ErrorPage[errorCode=0, location=/error]]
jakarta.servlet.ServletException: Request processing failed: org.thymeleaf.exceptions.TemplateInputException: Error resolving template [error], template might not exist or might not be accessible by any of the configured Template Resolvers
	at org.springframework.web.servlet.FrameworkServlet.processRequest(FrameworkServlet.java:1022)
	at org.springframework.web.servlet.FrameworkServlet.doPost(FrameworkServlet.java:914)
	at jakarta.servlet.http.HttpServlet.service(HttpServlet.java:590)
	at org.springframework.web.servlet.FrameworkServlet.service(FrameworkServlet.java:885)
	at jakarta.servlet.http.HttpServlet.service(HttpServlet.java:658)
	at org.apache.catalina.core.ApplicationFilterChain.internalDoFilter(ApplicationFilterChain.java:195)
	at org.apache.catalina.core.ApplicationFilterChain.doFilter(ApplicationFilterChain.java:140)
	at org.springframework.web.filter.CompositeFilter$VirtualFilterChain.doFilter(CompositeFilter.java:108)
	at org.springframework.security.web.FilterChainProxy.lambda$doFilterInternal$3(FilterChainProxy.java:231)
	at org.springframework.security.web.FilterChainProxy$VirtualFilterChain.doFilter(FilterChainProxy.java:365)
	at org.springframework.security.web.access.intercept.AuthorizationFilter.doFilter(AuthorizationFilter.java:100)
	at org.springframework.security.web.FilterChainProxy$VirtualFilterChain.doFilter(FilterChainProxy.java:374)
	at org.springframework.security.web.access.ExceptionTranslationFilter.doFilter(ExceptionTranslationFilter.java:126)
	at org.springframework.security.web.access.ExceptionTranslationFilter.doFilter(ExceptionTranslationFilter.java:120)
	at org.springframework.security.web.FilterChainProxy$VirtualFilterChain.doFilter(FilterChainProxy.java:374)
	at org.springframework.security.web.authentication.AnonymousAuthenticationFilter.doFilter(AnonymousAuthenticationFilter.java:100)
	at org.springframework.security.web.FilterChainProxy$VirtualFilterChain.doFilter(FilterChainProxy.java:374)
	at org.springframework.security.web.servletapi.SecurityContextHolderAwareRequestFilter.doFilter(SecurityContextHolderAwareRequestFilter.java:179)
	at org.springframework.security.web.FilterChainProxy$VirtualFilterChain.doFilter(FilterChainProxy.java:374)
	at org.springframework.security.web.savedrequest.RequestCacheAwareFilter.doFilter(RequestCacheAwareFilter.java:63)
	at org.springframework.security.web.FilterChainProxy$VirtualFilterChain.doFilter(FilterChainProxy.java:374)
	at org.springframework.security.web.authentication.AbstractAuthenticationProcessingFilter.doFilter(AbstractAuthenticationProcessingFilter.java:227)
	at org.springframework.security.web.authentication.AbstractAuthenticationProcessingFilter.doFilter(AbstractAuthenticationProcessingFilter.java:221)
	at org.springframework.security.web.FilterChainProxy$VirtualFilterChain.doFilter(FilterChainProxy.java:374)
	at org.springframework.security.web.authentication.logout.LogoutFilter.doFilter(LogoutFilter.java:107)
	at org.springframework.security.web.authentication.logout.LogoutFilter.doFilter(LogoutFilter.java:93)
	at org.springframework.security.web.FilterChainProxy$VirtualFilterChain.doFilter(FilterChainProxy.java:374)
	at org.springframework.web.filter.OncePerRequestFilter.doFilter(OncePerRequestFilter.java:101)
	at org.springframework.security.web.FilterChainProxy$VirtualFilterChain.doFilter(FilterChainProxy.java:374)
	at org.springframework.web.filter.OncePerRequestFilter.doFilter(OncePerRequestFilter.java:101)
	at org.springframework.security.web.FilterChainProxy$VirtualFilterChain.doFilter(FilterChainProxy.java:374)
	at org.springframework.security.web.context.SecurityContextHolderFilter.doFilter(SecurityContextHolderFilter.java:82)
	at org.springframework.security.web.context.SecurityContextHolderFilter.doFilter(SecurityContextHolderFilter.java:69)
	at org.springframework.security.web.FilterChainProxy$VirtualFilterChain.doFilter(FilterChainProxy.java:374)
	at org.springframework.web.filter.OncePerRequestFilter.doFilter(OncePerRequestFilter.java:101)
	at org.springframework.security.web.FilterChainProxy$VirtualFilterChain.doFilter(FilterChainProxy.java:374)
	at org.springframework.web.filter.OncePerRequestFilter.doFilter(OncePerRequestFilter.java:101)
	at org.springframework.security.web.FilterChainProxy$VirtualFilterChain.doFilter(FilterChainProxy.java:374)
	at org.springframework.security.web.FilterChainProxy.doFilterInternal(FilterChainProxy.java:233)
	at org.springframework.security.web.FilterChainProxy.doFilter(FilterChainProxy.java:191)
	at org.springframework.web.filter.CompositeFilter$VirtualFilterChain.doFilter(CompositeFilter.java:113)
	at org.springframework.web.servlet.handler.HandlerMappingIntrospector.lambda$createCacheFilter$3(HandlerMappingIntrospector.java:195)
	at org.springframework.web.filter.CompositeFilter$VirtualFilterChain.doFilter(CompositeFilter.java:113)
	at org.springframework.web.filter.CompositeFilter.doFilter(CompositeFilter.java:74)
	at org.springframework.security.config.annotation.web.configuration.WebMvcSecurityConfiguration$CompositeFilterChainProxy.doFilter(WebMvcSecurityConfiguration.java:230)
	at org.springframework.web.filter.DelegatingFilterProxy.invokeDelegate(DelegatingFilterProxy.java:352)
	at org.springframework.web.filter.DelegatingFilterProxy.doFilter(DelegatingFilterProxy.java:268)
	at org.apache.catalina.core.ApplicationFilterChain.internalDoFilter(ApplicationFilterChain.java:164)
	at org.apache.catalina.core.ApplicationFilterChain.doFilter(ApplicationFilterChain.java:140)
	at org.springframework.web.filter.RequestContextFilter.doFilterInternal(RequestContextFilter.java:100)
	at org.springframework.web.filter.OncePerRequestFilter.doFilter(OncePerRequestFilter.java:116)
	at org.apache.catalina.core.ApplicationFilterChain.internalDoFilter(ApplicationFilterChain.java:164)
	at org.apache.catalina.core.ApplicationFilterChain.doFilter(ApplicationFilterChain.java:140)
	at org.springframework.web.filter.OncePerRequestFilter.doFilter(OncePerRequestFilter.java:101)
	at org.apache.catalina.core.ApplicationFilterChain.internalDoFilter(ApplicationFilterChain.java:164)
	at org.apache.catalina.core.ApplicationFilterChain.doFilter(ApplicationFilterChain.java:140)
	at org.springframework.web.filter.OncePerRequestFilter.doFilter(OncePerRequestFilter.java:101)
	at org.apache.catalina.core.ApplicationFilterChain.internalDoFilter(ApplicationFilterChain.java:164)
	at org.apache.catalina.core.ApplicationFilterChain.doFilter(ApplicationFilterChain.java:140)
	at org.apache.catalina.core.ApplicationDispatcher.invoke(ApplicationDispatcher.java:632)
	at org.apache.catalina.core.ApplicationDispatcher.processRequest(ApplicationDispatcher.java:410)
	at org.apache.catalina.core.ApplicationDispatcher.doForward(ApplicationDispatcher.java:330)
	at org.apache.catalina.core.ApplicationDispatcher.forward(ApplicationDispatcher.java:267)
	at org.apache.catalina.core.StandardHostValve.custom(StandardHostValve.java:362)
	at org.apache.catalina.core.StandardHostValve.status(StandardHostValve.java:222)
	at org.apache.catalina.core.StandardHostValve.invoke(StandardHostValve.java:151)
	at org.apache.catalina.valves.ErrorReportValve.invoke(ErrorReportValve.java:93)
	at org.apache.catalina.core.StandardEngineValve.invoke(StandardEngineValve.java:74)
	at org.apache.catalina.connector.CoyoteAdapter.service(CoyoteAdapter.java:344)
	at org.apache.coyote.http11.Http11Processor.service(Http11Processor.java:384)
	at org.apache.coyote.AbstractProcessorLight.process(AbstractProcessorLight.java:63)
	at org.apache.coyote.AbstractProtocol$ConnectionHandler.process(AbstractProtocol.java:904)
	at org.apache.tomcat.util.net.NioEndpoint$SocketProcessor.doRun(NioEndpoint.java:1741)
	at org.apache.tomcat.util.net.SocketProcessorBase.run(SocketProcessorBase.java:52)
	at org.apache.tomcat.util.threads.ThreadPoolExecutor.runWorker(ThreadPoolExecutor.java:1190)
	at org.apache.tomcat.util.threads.ThreadPoolExecutor$Worker.run(ThreadPoolExecutor.java:659)
	at org.apache.tomcat.util.threads.TaskThread$WrappingRunnable.run(TaskThread.java:63)
	at java.base/java.lang.Thread.run(Thread.java:1570)
Caused by: org.thymeleaf.exceptions.TemplateInputException: Error resolving template [error], template might not exist or might not be accessible by any of the configured Template Resolvers
	at org.thymeleaf.engine.TemplateManager.resolveTemplate(TemplateManager.java:869)
	at org.thymeleaf.engine.TemplateManager.parseAndProcess(TemplateManager.java:607)
	at org.thymeleaf.TemplateEngine.process(TemplateEngine.java:1103)
	at org.thymeleaf.TemplateEngine.process(TemplateEngine.java:1077)
	at org.thymeleaf.spring6.view.ThymeleafView.renderFragment(ThymeleafView.java:372)
	at org.thymeleaf.spring6.view.ThymeleafView.render(ThymeleafView.java:192)
	at org.springframework.web.servlet.DispatcherServlet.render(DispatcherServlet.java:1432)
	at org.springframework.web.servlet.DispatcherServlet.processDispatchResult(DispatcherServlet.java:1168)
	at org.springframework.web.servlet.DispatcherServlet.doDispatch(DispatcherServlet.java:1106)
	at org.springframework.web.servlet.DispatcherServlet.doService(DispatcherServlet.java:979)
	at org.springframework.web.servlet.FrameworkServlet.processRequest(FrameworkServlet.java:1014)
	... 77 common frames omitted
2024-10-30 15:49:40 - Resolved [org.springframework.web.bind.MissingServletRequestParameterException: Required request parameter 'email' for method parameter type String is not present]
2024-10-30 15:49:40 - [THYMELEAF][http-nio-8080-exec-9] Exception processing template "error": Error resolving template [error], template might not exist or might not be accessible by any of the configured Template Resolvers
org.thymeleaf.exceptions.TemplateInputException: Error resolving template [error], template might not exist or might not be accessible by any of the configured Template Resolvers
	at org.thymeleaf.engine.TemplateManager.resolveTemplate(TemplateManager.java:869)
	at org.thymeleaf.engine.TemplateManager.parseAndProcess(TemplateManager.java:607)
	at org.thymeleaf.TemplateEngine.process(TemplateEngine.java:1103)
	at org.thymeleaf.TemplateEngine.process(TemplateEngine.java:1077)
	at org.thymeleaf.spring6.view.ThymeleafView.renderFragment(ThymeleafView.java:372)
	at org.thymeleaf.spring6.view.ThymeleafView.render(ThymeleafView.java:192)
	at org.springframework.web.servlet.DispatcherServlet.render(DispatcherServlet.java:1432)
	at org.springframework.web.servlet.DispatcherServlet.processDispatchResult(DispatcherServlet.java:1168)
	at org.springframework.web.servlet.DispatcherServlet.doDispatch(DispatcherServlet.java:1106)
	at org.springframework.web.servlet.DispatcherServlet.doService(DispatcherServlet.java:979)
	at org.springframework.web.servlet.FrameworkServlet.processRequest(FrameworkServlet.java:1014)
	at org.springframework.web.servlet.FrameworkServlet.doPost(FrameworkServlet.java:914)
	at jakarta.servlet.http.HttpServlet.service(HttpServlet.java:590)
	at org.springframework.web.servlet.FrameworkServlet.service(FrameworkServlet.java:885)
	at jakarta.servlet.http.HttpServlet.service(HttpServlet.java:658)
	at org.apache.catalina.core.ApplicationFilterChain.internalDoFilter(ApplicationFilterChain.java:195)
	at org.apache.catalina.core.ApplicationFilterChain.doFilter(ApplicationFilterChain.java:140)
	at org.springframework.web.filter.CompositeFilter$VirtualFilterChain.doFilter(CompositeFilter.java:108)
	at org.springframework.security.web.FilterChainProxy.lambda$doFilterInternal$3(FilterChainProxy.java:231)
	at org.springframework.security.web.FilterChainProxy$VirtualFilterChain.doFilter(FilterChainProxy.java:365)
	at org.springframework.security.web.access.intercept.AuthorizationFilter.doFilter(AuthorizationFilter.java:100)
	at org.springframework.security.web.FilterChainProxy$VirtualFilterChain.doFilter(FilterChainProxy.java:374)
	at org.springframework.security.web.access.ExceptionTranslationFilter.doFilter(ExceptionTranslationFilter.java:126)
	at org.springframework.security.web.access.ExceptionTranslationFilter.doFilter(ExceptionTranslationFilter.java:120)
	at org.springframework.security.web.FilterChainProxy$VirtualFilterChain.doFilter(FilterChainProxy.java:374)
	at org.springframework.security.web.authentication.AnonymousAuthenticationFilter.doFilter(AnonymousAuthenticationFilter.java:100)
	at org.springframework.security.web.FilterChainProxy$VirtualFilterChain.doFilter(FilterChainProxy.java:374)
	at org.springframework.security.web.servletapi.SecurityContextHolderAwareRequestFilter.doFilter(SecurityContextHolderAwareRequestFilter.java:179)
	at org.springframework.security.web.FilterChainProxy$VirtualFilterChain.doFilter(FilterChainProxy.java:374)
	at org.springframework.security.web.savedrequest.RequestCacheAwareFilter.doFilter(RequestCacheAwareFilter.java:63)
	at org.springframework.security.web.FilterChainProxy$VirtualFilterChain.doFilter(FilterChainProxy.java:374)
	at org.springframework.security.web.authentication.AbstractAuthenticationProcessingFilter.doFilter(AbstractAuthenticationProcessingFilter.java:227)
	at org.springframework.security.web.authentication.AbstractAuthenticationProcessingFilter.doFilter(AbstractAuthenticationProcessingFilter.java:221)
	at org.springframework.security.web.FilterChainProxy$VirtualFilterChain.doFilter(FilterChainProxy.java:374)
	at org.springframework.security.web.authentication.logout.LogoutFilter.doFilter(LogoutFilter.java:107)
	at org.springframework.security.web.authentication.logout.LogoutFilter.doFilter(LogoutFilter.java:93)
	at org.springframework.security.web.FilterChainProxy$VirtualFilterChain.doFilter(FilterChainProxy.java:374)
	at org.springframework.web.filter.OncePerRequestFilter.doFilter(OncePerRequestFilter.java:101)
	at org.springframework.security.web.FilterChainProxy$VirtualFilterChain.doFilter(FilterChainProxy.java:374)
	at org.springframework.web.filter.OncePerRequestFilter.doFilter(OncePerRequestFilter.java:101)
	at org.springframework.security.web.FilterChainProxy$VirtualFilterChain.doFilter(FilterChainProxy.java:374)
	at org.springframework.security.web.context.SecurityContextHolderFilter.doFilter(SecurityContextHolderFilter.java:82)
	at org.springframework.security.web.context.SecurityContextHolderFilter.doFilter(SecurityContextHolderFilter.java:69)
	at org.springframework.security.web.FilterChainProxy$VirtualFilterChain.doFilter(FilterChainProxy.java:374)
	at org.springframework.web.filter.OncePerRequestFilter.doFilter(OncePerRequestFilter.java:101)
	at org.springframework.security.web.FilterChainProxy$VirtualFilterChain.doFilter(FilterChainProxy.java:374)
	at org.springframework.web.filter.OncePerRequestFilter.doFilter(OncePerRequestFilter.java:101)
	at org.springframework.security.web.FilterChainProxy$VirtualFilterChain.doFilter(FilterChainProxy.java:374)
	at org.springframework.security.web.FilterChainProxy.doFilterInternal(FilterChainProxy.java:233)
	at org.springframework.security.web.FilterChainProxy.doFilter(FilterChainProxy.java:191)
	at org.springframework.web.filter.CompositeFilter$VirtualFilterChain.doFilter(CompositeFilter.java:113)
	at org.springframework.web.servlet.handler.HandlerMappingIntrospector.lambda$createCacheFilter$3(HandlerMappingIntrospector.java:195)
	at org.springframework.web.filter.CompositeFilter$VirtualFilterChain.doFilter(CompositeFilter.java:113)
	at org.springframework.web.filter.CompositeFilter.doFilter(CompositeFilter.java:74)
	at org.springframework.security.config.annotation.web.configuration.WebMvcSecurityConfiguration$CompositeFilterChainProxy.doFilter(WebMvcSecurityConfiguration.java:230)
	at org.springframework.web.filter.DelegatingFilterProxy.invokeDelegate(DelegatingFilterProxy.java:352)
	at org.springframework.web.filter.DelegatingFilterProxy.doFilter(DelegatingFilterProxy.java:268)
	at org.apache.catalina.core.ApplicationFilterChain.internalDoFilter(ApplicationFilterChain.java:164)
	at org.apache.catalina.core.ApplicationFilterChain.doFilter(ApplicationFilterChain.java:140)
	at org.springframework.web.filter.RequestContextFilter.doFilterInternal(RequestContextFilter.java:100)
	at org.springframework.web.filter.OncePerRequestFilter.doFilter(OncePerRequestFilter.java:116)
	at org.apache.catalina.core.ApplicationFilterChain.internalDoFilter(ApplicationFilterChain.java:164)
	at org.apache.catalina.core.ApplicationFilterChain.doFilter(ApplicationFilterChain.java:140)
	at org.springframework.web.filter.OncePerRequestFilter.doFilter(OncePerRequestFilter.java:101)
	at org.apache.catalina.core.ApplicationFilterChain.internalDoFilter(ApplicationFilterChain.java:164)
	at org.apache.catalina.core.ApplicationFilterChain.doFilter(ApplicationFilterChain.java:140)
	at org.springframework.web.filter.OncePerRequestFilter.doFilter(OncePerRequestFilter.java:101)
	at org.apache.catalina.core.ApplicationFilterChain.internalDoFilter(ApplicationFilterChain.java:164)
	at org.apache.catalina.core.ApplicationFilterChain.doFilter(ApplicationFilterChain.java:140)
	at org.apache.catalina.core.ApplicationDispatcher.invoke(ApplicationDispatcher.java:632)
	at org.apache.catalina.core.ApplicationDispatcher.processRequest(ApplicationDispatcher.java:410)
	at org.apache.catalina.core.ApplicationDispatcher.doForward(ApplicationDispatcher.java:330)
	at org.apache.catalina.core.ApplicationDispatcher.forward(ApplicationDispatcher.java:267)
	at org.apache.catalina.core.StandardHostValve.custom(StandardHostValve.java:362)
	at org.apache.catalina.core.StandardHostValve.status(StandardHostValve.java:222)
	at org.apache.catalina.core.StandardHostValve.invoke(StandardHostValve.java:151)
	at org.apache.catalina.valves.ErrorReportValve.invoke(ErrorReportValve.java:93)
	at org.apache.catalina.core.StandardEngineValve.invoke(StandardEngineValve.java:74)
	at org.apache.catalina.connector.CoyoteAdapter.service(CoyoteAdapter.java:344)
	at org.apache.coyote.http11.Http11Processor.service(Http11Processor.java:384)
	at org.apache.coyote.AbstractProcessorLight.process(AbstractProcessorLight.java:63)
	at org.apache.coyote.AbstractProtocol$ConnectionHandler.process(AbstractProtocol.java:904)
	at org.apache.tomcat.util.net.NioEndpoint$SocketProcessor.doRun(NioEndpoint.java:1741)
	at org.apache.tomcat.util.net.SocketProcessorBase.run(SocketProcessorBase.java:52)
	at org.apache.tomcat.util.threads.ThreadPoolExecutor.runWorker(ThreadPoolExecutor.java:1190)
	at org.apache.tomcat.util.threads.ThreadPoolExecutor$Worker.run(ThreadPoolExecutor.java:659)
	at org.apache.tomcat.util.threads.TaskThread$WrappingRunnable.run(TaskThread.java:63)
	at java.base/java.lang.Thread.run(Thread.java:1570)
2024-10-30 15:49:40 - Servlet.service() for servlet [dispatcherServlet] threw exception
org.thymeleaf.exceptions.TemplateInputException: Error resolving template [error], template might not exist or might not be accessible by any of the configured Template Resolvers
	at org.thymeleaf.engine.TemplateManager.resolveTemplate(TemplateManager.java:869)
	at org.thymeleaf.engine.TemplateManager.parseAndProcess(TemplateManager.java:607)
	at org.thymeleaf.TemplateEngine.process(TemplateEngine.java:1103)
	at org.thymeleaf.TemplateEngine.process(TemplateEngine.java:1077)
	at org.thymeleaf.spring6.view.ThymeleafView.renderFragment(ThymeleafView.java:372)
	at org.thymeleaf.spring6.view.ThymeleafView.render(ThymeleafView.java:192)
	at org.springframework.web.servlet.DispatcherServlet.render(DispatcherServlet.java:1432)
	at org.springframework.web.servlet.DispatcherServlet.processDispatchResult(DispatcherServlet.java:1168)
	at org.springframework.web.servlet.DispatcherServlet.doDispatch(DispatcherServlet.java:1106)
	at org.springframework.web.servlet.DispatcherServlet.doService(DispatcherServlet.java:979)
	at org.springframework.web.servlet.FrameworkServlet.processRequest(FrameworkServlet.java:1014)
	at org.springframework.web.servlet.FrameworkServlet.doPost(FrameworkServlet.java:914)
	at jakarta.servlet.http.HttpServlet.service(HttpServlet.java:590)
	at org.springframework.web.servlet.FrameworkServlet.service(FrameworkServlet.java:885)
	at jakarta.servlet.http.HttpServlet.service(HttpServlet.java:658)
	at org.apache.catalina.core.ApplicationFilterChain.internalDoFilter(ApplicationFilterChain.java:195)
	at org.apache.catalina.core.ApplicationFilterChain.doFilter(ApplicationFilterChain.java:140)
	at org.springframework.web.filter.CompositeFilter$VirtualFilterChain.doFilter(CompositeFilter.java:108)
	at org.springframework.security.web.FilterChainProxy.lambda$doFilterInternal$3(FilterChainProxy.java:231)
	at org.springframework.security.web.FilterChainProxy$VirtualFilterChain.doFilter(FilterChainProxy.java:365)
	at org.springframework.security.web.access.intercept.AuthorizationFilter.doFilter(AuthorizationFilter.java:100)
	at org.springframework.security.web.FilterChainProxy$VirtualFilterChain.doFilter(FilterChainProxy.java:374)
	at org.springframework.security.web.access.ExceptionTranslationFilter.doFilter(ExceptionTranslationFilter.java:126)
	at org.springframework.security.web.access.ExceptionTranslationFilter.doFilter(ExceptionTranslationFilter.java:120)
	at org.springframework.security.web.FilterChainProxy$VirtualFilterChain.doFilter(FilterChainProxy.java:374)
	at org.springframework.security.web.authentication.AnonymousAuthenticationFilter.doFilter(AnonymousAuthenticationFilter.java:100)
	at org.springframework.security.web.FilterChainProxy$VirtualFilterChain.doFilter(FilterChainProxy.java:374)
	at org.springframework.security.web.servletapi.SecurityContextHolderAwareRequestFilter.doFilter(SecurityContextHolderAwareRequestFilter.java:179)
	at org.springframework.security.web.FilterChainProxy$VirtualFilterChain.doFilter(FilterChainProxy.java:374)
	at org.springframework.security.web.savedrequest.RequestCacheAwareFilter.doFilter(RequestCacheAwareFilter.java:63)
	at org.springframework.security.web.FilterChainProxy$VirtualFilterChain.doFilter(FilterChainProxy.java:374)
	at org.springframework.security.web.authentication.AbstractAuthenticationProcessingFilter.doFilter(AbstractAuthenticationProcessingFilter.java:227)
	at org.springframework.security.web.authentication.AbstractAuthenticationProcessingFilter.doFilter(AbstractAuthenticationProcessingFilter.java:221)
	at org.springframework.security.web.FilterChainProxy$VirtualFilterChain.doFilter(FilterChainProxy.java:374)
	at org.springframework.security.web.authentication.logout.LogoutFilter.doFilter(LogoutFilter.java:107)
	at org.springframework.security.web.authentication.logout.LogoutFilter.doFilter(LogoutFilter.java:93)
	at org.springframework.security.web.FilterChainProxy$VirtualFilterChain.doFilter(FilterChainProxy.java:374)
	at org.springframework.web.filter.OncePerRequestFilter.doFilter(OncePerRequestFilter.java:101)
	at org.springframework.security.web.FilterChainProxy$VirtualFilterChain.doFilter(FilterChainProxy.java:374)
	at org.springframework.web.filter.OncePerRequestFilter.doFilter(OncePerRequestFilter.java:101)
	at org.springframework.security.web.FilterChainProxy$VirtualFilterChain.doFilter(FilterChainProxy.java:374)
	at org.springframework.security.web.context.SecurityContextHolderFilter.doFilter(SecurityContextHolderFilter.java:82)
	at org.springframework.security.web.context.SecurityContextHolderFilter.doFilter(SecurityContextHolderFilter.java:69)
	at org.springframework.security.web.FilterChainProxy$VirtualFilterChain.doFilter(FilterChainProxy.java:374)
	at org.springframework.web.filter.OncePerRequestFilter.doFilter(OncePerRequestFilter.java:101)
	at org.springframework.security.web.FilterChainProxy$VirtualFilterChain.doFilter(FilterChainProxy.java:374)
	at org.springframework.web.filter.OncePerRequestFilter.doFilter(OncePerRequestFilter.java:101)
	at org.springframework.security.web.FilterChainProxy$VirtualFilterChain.doFilter(FilterChainProxy.java:374)
	at org.springframework.security.web.FilterChainProxy.doFilterInternal(FilterChainProxy.java:233)
	at org.springframework.security.web.FilterChainProxy.doFilter(FilterChainProxy.java:191)
	at org.springframework.web.filter.CompositeFilter$VirtualFilterChain.doFilter(CompositeFilter.java:113)
	at org.springframework.web.servlet.handler.HandlerMappingIntrospector.lambda$createCacheFilter$3(HandlerMappingIntrospector.java:195)
	at org.springframework.web.filter.CompositeFilter$VirtualFilterChain.doFilter(CompositeFilter.java:113)
	at org.springframework.web.filter.CompositeFilter.doFilter(CompositeFilter.java:74)
	at org.springframework.security.config.annotation.web.configuration.WebMvcSecurityConfiguration$CompositeFilterChainProxy.doFilter(WebMvcSecurityConfiguration.java:230)
	at org.springframework.web.filter.DelegatingFilterProxy.invokeDelegate(DelegatingFilterProxy.java:352)
	at org.springframework.web.filter.DelegatingFilterProxy.doFilter(DelegatingFilterProxy.java:268)
	at org.apache.catalina.core.ApplicationFilterChain.internalDoFilter(ApplicationFilterChain.java:164)
	at org.apache.catalina.core.ApplicationFilterChain.doFilter(ApplicationFilterChain.java:140)
	at org.springframework.web.filter.RequestContextFilter.doFilterInternal(RequestContextFilter.java:100)
	at org.springframework.web.filter.OncePerRequestFilter.doFilter(OncePerRequestFilter.java:116)
	at org.apache.catalina.core.ApplicationFilterChain.internalDoFilter(ApplicationFilterChain.java:164)
	at org.apache.catalina.core.ApplicationFilterChain.doFilter(ApplicationFilterChain.java:140)
	at org.springframework.web.filter.OncePerRequestFilter.doFilter(OncePerRequestFilter.java:101)
	at org.apache.catalina.core.ApplicationFilterChain.internalDoFilter(ApplicationFilterChain.java:164)
	at org.apache.catalina.core.ApplicationFilterChain.doFilter(ApplicationFilterChain.java:140)
	at org.springframework.web.filter.OncePerRequestFilter.doFilter(OncePerRequestFilter.java:101)
	at org.apache.catalina.core.ApplicationFilterChain.internalDoFilter(ApplicationFilterChain.java:164)
	at org.apache.catalina.core.ApplicationFilterChain.doFilter(ApplicationFilterChain.java:140)
	at org.apache.catalina.core.ApplicationDispatcher.invoke(ApplicationDispatcher.java:632)
	at org.apache.catalina.core.ApplicationDispatcher.processRequest(ApplicationDispatcher.java:410)
	at org.apache.catalina.core.ApplicationDispatcher.doForward(ApplicationDispatcher.java:330)
	at org.apache.catalina.core.ApplicationDispatcher.forward(ApplicationDispatcher.java:267)
	at org.apache.catalina.core.StandardHostValve.custom(StandardHostValve.java:362)
	at org.apache.catalina.core.StandardHostValve.status(StandardHostValve.java:222)
	at org.apache.catalina.core.StandardHostValve.invoke(StandardHostValve.java:151)
	at org.apache.catalina.valves.ErrorReportValve.invoke(ErrorReportValve.java:93)
	at org.apache.catalina.core.StandardEngineValve.invoke(StandardEngineValve.java:74)
	at org.apache.catalina.connector.CoyoteAdapter.service(CoyoteAdapter.java:344)
	at org.apache.coyote.http11.Http11Processor.service(Http11Processor.java:384)
	at org.apache.coyote.AbstractProcessorLight.process(AbstractProcessorLight.java:63)
	at org.apache.coyote.AbstractProtocol$ConnectionHandler.process(AbstractProtocol.java:904)
	at org.apache.tomcat.util.net.NioEndpoint$SocketProcessor.doRun(NioEndpoint.java:1741)
	at org.apache.tomcat.util.net.SocketProcessorBase.run(SocketProcessorBase.java:52)
	at org.apache.tomcat.util.threads.ThreadPoolExecutor.runWorker(ThreadPoolExecutor.java:1190)
	at org.apache.tomcat.util.threads.ThreadPoolExecutor$Worker.run(ThreadPoolExecutor.java:659)
	at org.apache.tomcat.util.threads.TaskThread$WrappingRunnable.run(TaskThread.java:63)
	at java.base/java.lang.Thread.run(Thread.java:1570)
2024-10-30 15:49:40 - Exception Processing [ErrorPage[errorCode=0, location=/error]]
jakarta.servlet.ServletException: Request processing failed: org.thymeleaf.exceptions.TemplateInputException: Error resolving template [error], template might not exist or might not be accessible by any of the configured Template Resolvers
	at org.springframework.web.servlet.FrameworkServlet.processRequest(FrameworkServlet.java:1022)
	at org.springframework.web.servlet.FrameworkServlet.doPost(FrameworkServlet.java:914)
	at jakarta.servlet.http.HttpServlet.service(HttpServlet.java:590)
	at org.springframework.web.servlet.FrameworkServlet.service(FrameworkServlet.java:885)
	at jakarta.servlet.http.HttpServlet.service(HttpServlet.java:658)
	at org.apache.catalina.core.ApplicationFilterChain.internalDoFilter(ApplicationFilterChain.java:195)
	at org.apache.catalina.core.ApplicationFilterChain.doFilter(ApplicationFilterChain.java:140)
	at org.springframework.web.filter.CompositeFilter$VirtualFilterChain.doFilter(CompositeFilter.java:108)
	at org.springframework.security.web.FilterChainProxy.lambda$doFilterInternal$3(FilterChainProxy.java:231)
	at org.springframework.security.web.FilterChainProxy$VirtualFilterChain.doFilter(FilterChainProxy.java:365)
	at org.springframework.security.web.access.intercept.AuthorizationFilter.doFilter(AuthorizationFilter.java:100)
	at org.springframework.security.web.FilterChainProxy$VirtualFilterChain.doFilter(FilterChainProxy.java:374)
	at org.springframework.security.web.access.ExceptionTranslationFilter.doFilter(ExceptionTranslationFilter.java:126)
	at org.springframework.security.web.access.ExceptionTranslationFilter.doFilter(ExceptionTranslationFilter.java:120)
	at org.springframework.security.web.FilterChainProxy$VirtualFilterChain.doFilter(FilterChainProxy.java:374)
	at org.springframework.security.web.authentication.AnonymousAuthenticationFilter.doFilter(AnonymousAuthenticationFilter.java:100)
	at org.springframework.security.web.FilterChainProxy$VirtualFilterChain.doFilter(FilterChainProxy.java:374)
	at org.springframework.security.web.servletapi.SecurityContextHolderAwareRequestFilter.doFilter(SecurityContextHolderAwareRequestFilter.java:179)
	at org.springframework.security.web.FilterChainProxy$VirtualFilterChain.doFilter(FilterChainProxy.java:374)
	at org.springframework.security.web.savedrequest.RequestCacheAwareFilter.doFilter(RequestCacheAwareFilter.java:63)
	at org.springframework.security.web.FilterChainProxy$VirtualFilterChain.doFilter(FilterChainProxy.java:374)
	at org.springframework.security.web.authentication.AbstractAuthenticationProcessingFilter.doFilter(AbstractAuthenticationProcessingFilter.java:227)
	at org.springframework.security.web.authentication.AbstractAuthenticationProcessingFilter.doFilter(AbstractAuthenticationProcessingFilter.java:221)
	at org.springframework.security.web.FilterChainProxy$VirtualFilterChain.doFilter(FilterChainProxy.java:374)
	at org.springframework.security.web.authentication.logout.LogoutFilter.doFilter(LogoutFilter.java:107)
	at org.springframework.security.web.authentication.logout.LogoutFilter.doFilter(LogoutFilter.java:93)
	at org.springframework.security.web.FilterChainProxy$VirtualFilterChain.doFilter(FilterChainProxy.java:374)
	at org.springframework.web.filter.OncePerRequestFilter.doFilter(OncePerRequestFilter.java:101)
	at org.springframework.security.web.FilterChainProxy$VirtualFilterChain.doFilter(FilterChainProxy.java:374)
	at org.springframework.web.filter.OncePerRequestFilter.doFilter(OncePerRequestFilter.java:101)
	at org.springframework.security.web.FilterChainProxy$VirtualFilterChain.doFilter(FilterChainProxy.java:374)
	at org.springframework.security.web.context.SecurityContextHolderFilter.doFilter(SecurityContextHolderFilter.java:82)
	at org.springframework.security.web.context.SecurityContextHolderFilter.doFilter(SecurityContextHolderFilter.java:69)
	at org.springframework.security.web.FilterChainProxy$VirtualFilterChain.doFilter(FilterChainProxy.java:374)
	at org.springframework.web.filter.OncePerRequestFilter.doFilter(OncePerRequestFilter.java:101)
	at org.springframework.security.web.FilterChainProxy$VirtualFilterChain.doFilter(FilterChainProxy.java:374)
	at org.springframework.web.filter.OncePerRequestFilter.doFilter(OncePerRequestFilter.java:101)
	at org.springframework.security.web.FilterChainProxy$VirtualFilterChain.doFilter(FilterChainProxy.java:374)
	at org.springframework.security.web.FilterChainProxy.doFilterInternal(FilterChainProxy.java:233)
	at org.springframework.security.web.FilterChainProxy.doFilter(FilterChainProxy.java:191)
	at org.springframework.web.filter.CompositeFilter$VirtualFilterChain.doFilter(CompositeFilter.java:113)
	at org.springframework.web.servlet.handler.HandlerMappingIntrospector.lambda$createCacheFilter$3(HandlerMappingIntrospector.java:195)
	at org.springframework.web.filter.CompositeFilter$VirtualFilterChain.doFilter(CompositeFilter.java:113)
	at org.springframework.web.filter.CompositeFilter.doFilter(CompositeFilter.java:74)
	at org.springframework.security.config.annotation.web.configuration.WebMvcSecurityConfiguration$CompositeFilterChainProxy.doFilter(WebMvcSecurityConfiguration.java:230)
	at org.springframework.web.filter.DelegatingFilterProxy.invokeDelegate(DelegatingFilterProxy.java:352)
	at org.springframework.web.filter.DelegatingFilterProxy.doFilter(DelegatingFilterProxy.java:268)
	at org.apache.catalina.core.ApplicationFilterChain.internalDoFilter(ApplicationFilterChain.java:164)
	at org.apache.catalina.core.ApplicationFilterChain.doFilter(ApplicationFilterChain.java:140)
	at org.springframework.web.filter.RequestContextFilter.doFilterInternal(RequestContextFilter.java:100)
	at org.springframework.web.filter.OncePerRequestFilter.doFilter(OncePerRequestFilter.java:116)
	at org.apache.catalina.core.ApplicationFilterChain.internalDoFilter(ApplicationFilterChain.java:164)
	at org.apache.catalina.core.ApplicationFilterChain.doFilter(ApplicationFilterChain.java:140)
	at org.springframework.web.filter.OncePerRequestFilter.doFilter(OncePerRequestFilter.java:101)
	at org.apache.catalina.core.ApplicationFilterChain.internalDoFilter(ApplicationFilterChain.java:164)
	at org.apache.catalina.core.ApplicationFilterChain.doFilter(ApplicationFilterChain.java:140)
	at org.springframework.web.filter.OncePerRequestFilter.doFilter(OncePerRequestFilter.java:101)
	at org.apache.catalina.core.ApplicationFilterChain.internalDoFilter(ApplicationFilterChain.java:164)
	at org.apache.catalina.core.ApplicationFilterChain.doFilter(ApplicationFilterChain.java:140)
	at org.apache.catalina.core.ApplicationDispatcher.invoke(ApplicationDispatcher.java:632)
	at org.apache.catalina.core.ApplicationDispatcher.processRequest(ApplicationDispatcher.java:410)
	at org.apache.catalina.core.ApplicationDispatcher.doForward(ApplicationDispatcher.java:330)
	at org.apache.catalina.core.ApplicationDispatcher.forward(ApplicationDispatcher.java:267)
	at org.apache.catalina.core.StandardHostValve.custom(StandardHostValve.java:362)
	at org.apache.catalina.core.StandardHostValve.status(StandardHostValve.java:222)
	at org.apache.catalina.core.StandardHostValve.invoke(StandardHostValve.java:151)
	at org.apache.catalina.valves.ErrorReportValve.invoke(ErrorReportValve.java:93)
	at org.apache.catalina.core.StandardEngineValve.invoke(StandardEngineValve.java:74)
	at org.apache.catalina.connector.CoyoteAdapter.service(CoyoteAdapter.java:344)
	at org.apache.coyote.http11.Http11Processor.service(Http11Processor.java:384)
	at org.apache.coyote.AbstractProcessorLight.process(AbstractProcessorLight.java:63)
	at org.apache.coyote.AbstractProtocol$ConnectionHandler.process(AbstractProtocol.java:904)
	at org.apache.tomcat.util.net.NioEndpoint$SocketProcessor.doRun(NioEndpoint.java:1741)
	at org.apache.tomcat.util.net.SocketProcessorBase.run(SocketProcessorBase.java:52)
	at org.apache.tomcat.util.threads.ThreadPoolExecutor.runWorker(ThreadPoolExecutor.java:1190)
	at org.apache.tomcat.util.threads.ThreadPoolExecutor$Worker.run(ThreadPoolExecutor.java:659)
	at org.apache.tomcat.util.threads.TaskThread$WrappingRunnable.run(TaskThread.java:63)
	at java.base/java.lang.Thread.run(Thread.java:1570)
Caused by: org.thymeleaf.exceptions.TemplateInputException: Error resolving template [error], template might not exist or might not be accessible by any of the configured Template Resolvers
	at org.thymeleaf.engine.TemplateManager.resolveTemplate(TemplateManager.java:869)
	at org.thymeleaf.engine.TemplateManager.parseAndProcess(TemplateManager.java:607)
	at org.thymeleaf.TemplateEngine.process(TemplateEngine.java:1103)
	at org.thymeleaf.TemplateEngine.process(TemplateEngine.java:1077)
	at org.thymeleaf.spring6.view.ThymeleafView.renderFragment(ThymeleafView.java:372)
	at org.thymeleaf.spring6.view.ThymeleafView.render(ThymeleafView.java:192)
	at org.springframework.web.servlet.DispatcherServlet.render(DispatcherServlet.java:1432)
	at org.springframework.web.servlet.DispatcherServlet.processDispatchResult(DispatcherServlet.java:1168)
	at org.springframework.web.servlet.DispatcherServlet.doDispatch(DispatcherServlet.java:1106)
	at org.springframework.web.servlet.DispatcherServlet.doService(DispatcherServlet.java:979)
	at org.springframework.web.servlet.FrameworkServlet.processRequest(FrameworkServlet.java:1014)
	... 77 common frames omitted
2024-10-30 15:49:57 - Closing JPA EntityManagerFactory for persistence unit 'default'
2024-10-30 15:49:57 - HikariPool-1 - Shutdown initiated...
2024-10-30 15:49:57 - HikariPool-1 - Shutdown completed.
2024-10-30 15:51:14 - Starting FitnessAppApplication using Java 22.0.2 with PID 9364 (C:\Users\milic\IdeaProjects\Fitness-App\target\classes started by milic in C:\Users\milic\IdeaProjects\Fitness-App)
2024-10-30 15:51:14 - No active profile set, falling back to 1 default profile: "default"
2024-10-30 15:51:14 - Bootstrapping Spring Data JPA repositories in DEFAULT mode.
2024-10-30 15:51:14 - Finished Spring Data repository scanning in 43 ms. Found 4 JPA repository interfaces.
2024-10-30 15:51:15 - Tomcat initialized with port 8080 (http)
2024-10-30 15:51:15 - Initializing ProtocolHandler ["http-nio-8080"]
2024-10-30 15:51:15 - Starting service [Tomcat]
2024-10-30 15:51:15 - Starting Servlet engine: [Apache Tomcat/10.1.28]
2024-10-30 15:51:15 - Initializing Spring embedded WebApplicationContext
2024-10-30 15:51:15 - Root WebApplicationContext: initialization completed in 1025 ms
2024-10-30 15:51:15 - HikariPool-1 - Starting...
2024-10-30 15:51:15 - HikariPool-1 - Added connection conn0: url=jdbc:h2:mem:testdb user=SA
2024-10-30 15:51:15 - HikariPool-1 - Start completed.
2024-10-30 15:51:15 - H2 console available at '/h2-console'. Database available at 'jdbc:h2:mem:testdb'
2024-10-30 15:51:15 - HHH000204: Processing PersistenceUnitInfo [name: default]
2024-10-30 15:51:15 - HHH000412: Hibernate ORM core version 6.5.2.Final
2024-10-30 15:51:15 - HHH000026: Second-level cache disabled
2024-10-30 15:51:15 - No LoadTimeWeaver setup: ignoring JPA class transformer
2024-10-30 15:51:16 - HHH000489: No JTA platform available (set 'hibernate.transaction.jta.platform' to enable JTA platform integration)
2024-10-30 15:51:16 - Initialized JPA EntityManagerFactory for persistence unit 'default'
2024-10-30 15:51:16 - spring.jpa.open-in-view is enabled by default. Therefore, database queries may be performed during view rendering. Explicitly configure spring.jpa.open-in-view to disable this warning
2024-10-30 15:51:17 - Global AuthenticationManager configured with UserDetailsService bean with name userDetailsService
2024-10-30 15:51:17 - Starting ProtocolHandler ["http-nio-8080"]
2024-10-30 15:51:17 - Tomcat started on port 8080 (http) with context path '/'
2024-10-30 15:51:17 - Started FitnessAppApplication in 3.758 seconds (process running for 4.23)
2024-10-30 15:51:18 - Initializing Spring DispatcherServlet 'dispatcherServlet'
2024-10-30 15:51:18 - Initializing Servlet 'dispatcherServlet'
2024-10-30 15:51:18 - Completed initialization in 3 ms
2024-10-30 15:54:37 - Closing JPA EntityManagerFactory for persistence unit 'default'
2024-10-30 15:54:37 - HikariPool-1 - Shutdown initiated...
2024-10-30 15:54:37 - HikariPool-1 - Shutdown completed.
2024-10-30 15:55:54 - Starting FitnessAppApplication using Java 22.0.2 with PID 10968 (C:\Users\milic\IdeaProjects\Fitness-App\target\classes started by milic in C:\Users\milic\IdeaProjects\Fitness-App)
2024-10-30 15:55:54 - No active profile set, falling back to 1 default profile: "default"
2024-10-30 15:55:55 - Bootstrapping Spring Data JPA repositories in DEFAULT mode.
2024-10-30 15:55:55 - Finished Spring Data repository scanning in 40 ms. Found 4 JPA repository interfaces.
2024-10-30 15:55:55 - Tomcat initialized with port 8080 (http)
2024-10-30 15:55:55 - Initializing ProtocolHandler ["http-nio-8080"]
2024-10-30 15:55:55 - Starting service [Tomcat]
2024-10-30 15:55:55 - Starting Servlet engine: [Apache Tomcat/10.1.28]
2024-10-30 15:55:55 - Initializing Spring embedded WebApplicationContext
2024-10-30 15:55:55 - Root WebApplicationContext: initialization completed in 964 ms
2024-10-30 15:55:55 - HikariPool-1 - Starting...
2024-10-30 15:55:55 - HikariPool-1 - Added connection conn0: url=jdbc:h2:mem:testdb user=SA
2024-10-30 15:55:55 - HikariPool-1 - Start completed.
2024-10-30 15:55:55 - H2 console available at '/h2-console'. Database available at 'jdbc:h2:mem:testdb'
2024-10-30 15:55:55 - HHH000204: Processing PersistenceUnitInfo [name: default]
2024-10-30 15:55:55 - HHH000412: Hibernate ORM core version 6.5.2.Final
2024-10-30 15:55:55 - HHH000026: Second-level cache disabled
2024-10-30 15:55:56 - No LoadTimeWeaver setup: ignoring JPA class transformer
2024-10-30 15:55:56 - HHH000489: No JTA platform available (set 'hibernate.transaction.jta.platform' to enable JTA platform integration)
2024-10-30 15:55:56 - Initialized JPA EntityManagerFactory for persistence unit 'default'
2024-10-30 15:55:57 - spring.jpa.open-in-view is enabled by default. Therefore, database queries may be performed during view rendering. Explicitly configure spring.jpa.open-in-view to disable this warning
2024-10-30 15:55:57 - Global AuthenticationManager configured with UserDetailsService bean with name userDetailsService
2024-10-30 15:55:57 - Starting ProtocolHandler ["http-nio-8080"]
2024-10-30 15:55:57 - Tomcat started on port 8080 (http) with context path '/'
2024-10-30 15:55:57 - Started FitnessAppApplication in 3.7 seconds (process running for 4.186)
2024-10-30 15:56:05 - Initializing Spring DispatcherServlet 'dispatcherServlet'
2024-10-30 15:56:05 - Initializing Servlet 'dispatcherServlet'
2024-10-30 15:56:05 - Completed initialization in 1 ms
2024-10-30 15:56:26 - Closing JPA EntityManagerFactory for persistence unit 'default'
2024-10-30 15:56:26 - HikariPool-1 - Shutdown initiated...
2024-10-30 15:56:26 - HikariPool-1 - Shutdown completed.
2024-10-30 16:01:33 - Starting FitnessAppApplication using Java 22.0.2 with PID 5356 (C:\Users\milic\IdeaProjects\Fitness-App\target\classes started by milic in C:\Users\milic\IdeaProjects\Fitness-App)
2024-10-30 16:01:33 - No active profile set, falling back to 1 default profile: "default"
2024-10-30 16:01:33 - Bootstrapping Spring Data JPA repositories in DEFAULT mode.
2024-10-30 16:01:33 - Finished Spring Data repository scanning in 37 ms. Found 4 JPA repository interfaces.
2024-10-30 16:01:34 - Tomcat initialized with port 8080 (http)
2024-10-30 16:01:34 - Initializing ProtocolHandler ["http-nio-8080"]
2024-10-30 16:01:34 - Starting service [Tomcat]
2024-10-30 16:01:34 - Starting Servlet engine: [Apache Tomcat/10.1.28]
2024-10-30 16:01:34 - Initializing Spring embedded WebApplicationContext
2024-10-30 16:01:34 - Root WebApplicationContext: initialization completed in 1013 ms
2024-10-30 16:01:34 - HikariPool-1 - Starting...
2024-10-30 16:01:34 - HikariPool-1 - Added connection conn0: url=jdbc:h2:mem:testdb user=SA
2024-10-30 16:01:34 - HikariPool-1 - Start completed.
2024-10-30 16:01:34 - H2 console available at '/h2-console'. Database available at 'jdbc:h2:mem:testdb'
2024-10-30 16:01:34 - HHH000204: Processing PersistenceUnitInfo [name: default]
2024-10-30 16:01:34 - HHH000412: Hibernate ORM core version 6.5.2.Final
2024-10-30 16:01:34 - HHH000026: Second-level cache disabled
2024-10-30 16:01:34 - No LoadTimeWeaver setup: ignoring JPA class transformer
2024-10-30 16:01:35 - HHH000489: No JTA platform available (set 'hibernate.transaction.jta.platform' to enable JTA platform integration)
2024-10-30 16:01:35 - Initialized JPA EntityManagerFactory for persistence unit 'default'
2024-10-30 16:01:35 - spring.jpa.open-in-view is enabled by default. Therefore, database queries may be performed during view rendering. Explicitly configure spring.jpa.open-in-view to disable this warning
2024-10-30 16:01:36 - Global AuthenticationManager configured with UserDetailsService bean with name userDetailsService
2024-10-30 16:01:36 - Starting ProtocolHandler ["http-nio-8080"]
2024-10-30 16:01:36 - Tomcat started on port 8080 (http) with context path '/'
2024-10-30 16:01:36 - Started FitnessAppApplication in 3.846 seconds (process running for 4.359)
2024-10-30 16:01:37 - Initializing Spring DispatcherServlet 'dispatcherServlet'
2024-10-30 16:01:37 - Initializing Servlet 'dispatcherServlet'
2024-10-30 16:01:37 - Completed initialization in 0 ms
2024-10-30 16:03:31 - Closing JPA EntityManagerFactory for persistence unit 'default'
2024-10-30 16:03:31 - HikariPool-1 - Shutdown initiated...
2024-10-30 16:03:31 - HikariPool-1 - Shutdown completed.
2024-10-30 16:08:17 - Starting FitnessAppApplication using Java 22.0.2 with PID 888 (C:\Users\milic\IdeaProjects\Fitness-App\target\classes started by milic in C:\Users\milic\IdeaProjects\Fitness-App)
2024-10-30 16:08:17 - No active profile set, falling back to 1 default profile: "default"
2024-10-30 16:08:18 - Bootstrapping Spring Data JPA repositories in DEFAULT mode.
2024-10-30 16:08:18 - Finished Spring Data repository scanning in 39 ms. Found 4 JPA repository interfaces.
2024-10-30 16:08:18 - Tomcat initialized with port 8080 (http)
2024-10-30 16:08:18 - Initializing ProtocolHandler ["http-nio-8080"]
2024-10-30 16:08:18 - Starting service [Tomcat]
2024-10-30 16:08:18 - Starting Servlet engine: [Apache Tomcat/10.1.28]
2024-10-30 16:08:18 - Initializing Spring embedded WebApplicationContext
2024-10-30 16:08:18 - Root WebApplicationContext: initialization completed in 1021 ms
2024-10-30 16:08:18 - HikariPool-1 - Starting...
2024-10-30 16:08:19 - HikariPool-1 - Added connection conn0: url=jdbc:h2:mem:testdb user=SA
2024-10-30 16:08:19 - HikariPool-1 - Start completed.
2024-10-30 16:08:19 - H2 console available at '/h2-console'. Database available at 'jdbc:h2:mem:testdb'
2024-10-30 16:08:19 - HHH000204: Processing PersistenceUnitInfo [name: default]
2024-10-30 16:08:19 - HHH000412: Hibernate ORM core version 6.5.2.Final
2024-10-30 16:08:19 - HHH000026: Second-level cache disabled
2024-10-30 16:08:19 - No LoadTimeWeaver setup: ignoring JPA class transformer
2024-10-30 16:08:20 - HHH000489: No JTA platform available (set 'hibernate.transaction.jta.platform' to enable JTA platform integration)
2024-10-30 16:08:20 - Initialized JPA EntityManagerFactory for persistence unit 'default'
2024-10-30 16:08:20 - spring.jpa.open-in-view is enabled by default. Therefore, database queries may be performed during view rendering. Explicitly configure spring.jpa.open-in-view to disable this warning
2024-10-30 16:08:20 - Global AuthenticationManager configured with UserDetailsService bean with name userDetailsService
2024-10-30 16:08:21 - Starting ProtocolHandler ["http-nio-8080"]
2024-10-30 16:08:21 - Tomcat started on port 8080 (http) with context path '/'
2024-10-30 16:08:21 - Started FitnessAppApplication in 3.77 seconds (process running for 4.256)
2024-10-30 16:08:22 - Initializing Spring DispatcherServlet 'dispatcherServlet'
2024-10-30 16:08:22 - Initializing Servlet 'dispatcherServlet'
2024-10-30 16:08:22 - Completed initialization in 1 ms
2024-10-30 16:09:14 - Closing JPA EntityManagerFactory for persistence unit 'default'
2024-10-30 16:09:14 - HikariPool-1 - Shutdown initiated...
2024-10-30 16:09:14 - HikariPool-1 - Shutdown completed.
2024-10-30 16:11:18 - Starting FitnessAppApplication using Java 22.0.2 with PID 10292 (C:\Users\milic\IdeaProjects\Fitness-App\target\classes started by milic in C:\Users\milic\IdeaProjects\Fitness-App)
2024-10-30 16:11:18 - No active profile set, falling back to 1 default profile: "default"
2024-10-30 16:11:18 - Bootstrapping Spring Data JPA repositories in DEFAULT mode.
2024-10-30 16:11:18 - Finished Spring Data repository scanning in 42 ms. Found 4 JPA repository interfaces.
2024-10-30 16:11:19 - Tomcat initialized with port 8080 (http)
2024-10-30 16:11:19 - Initializing ProtocolHandler ["http-nio-8080"]
2024-10-30 16:11:19 - Starting service [Tomcat]
2024-10-30 16:11:19 - Starting Servlet engine: [Apache Tomcat/10.1.28]
2024-10-30 16:11:19 - Initializing Spring embedded WebApplicationContext
2024-10-30 16:11:19 - Root WebApplicationContext: initialization completed in 991 ms
2024-10-30 16:11:19 - HikariPool-1 - Starting...
2024-10-30 16:11:19 - HikariPool-1 - Added connection conn0: url=jdbc:h2:mem:testdb user=SA
2024-10-30 16:11:19 - HikariPool-1 - Start completed.
2024-10-30 16:11:19 - H2 console available at '/h2-console'. Database available at 'jdbc:h2:mem:testdb'
2024-10-30 16:11:19 - HHH000204: Processing PersistenceUnitInfo [name: default]
2024-10-30 16:11:19 - HHH000412: Hibernate ORM core version 6.5.2.Final
2024-10-30 16:11:19 - HHH000026: Second-level cache disabled
2024-10-30 16:11:19 - No LoadTimeWeaver setup: ignoring JPA class transformer
2024-10-30 16:11:20 - HHH000489: No JTA platform available (set 'hibernate.transaction.jta.platform' to enable JTA platform integration)
2024-10-30 16:11:20 - Initialized JPA EntityManagerFactory for persistence unit 'default'
2024-10-30 16:11:20 - spring.jpa.open-in-view is enabled by default. Therefore, database queries may be performed during view rendering. Explicitly configure spring.jpa.open-in-view to disable this warning
2024-10-30 16:11:21 - Global AuthenticationManager configured with UserDetailsService bean with name userDetailsService
2024-10-30 16:11:21 - Starting ProtocolHandler ["http-nio-8080"]
2024-10-30 16:11:21 - Tomcat started on port 8080 (http) with context path '/'
2024-10-30 16:11:21 - Started FitnessAppApplication in 3.772 seconds (process running for 4.319)
2024-10-30 16:11:22 - Initializing Spring DispatcherServlet 'dispatcherServlet'
2024-10-30 16:11:22 - Initializing Servlet 'dispatcherServlet'
2024-10-30 16:11:22 - Completed initialization in 1 ms
2024-10-30 16:13:17 - [THYMELEAF][http-nio-8080-exec-2] Exception processing template "error": Error resolving template [error], template might not exist or might not be accessible by any of the configured Template Resolvers
org.thymeleaf.exceptions.TemplateInputException: Error resolving template [error], template might not exist or might not be accessible by any of the configured Template Resolvers
	at org.thymeleaf.engine.TemplateManager.resolveTemplate(TemplateManager.java:869)
	at org.thymeleaf.engine.TemplateManager.parseAndProcess(TemplateManager.java:607)
	at org.thymeleaf.TemplateEngine.process(TemplateEngine.java:1103)
	at org.thymeleaf.TemplateEngine.process(TemplateEngine.java:1077)
	at org.thymeleaf.spring6.view.ThymeleafView.renderFragment(ThymeleafView.java:372)
	at org.thymeleaf.spring6.view.ThymeleafView.render(ThymeleafView.java:192)
	at org.springframework.web.servlet.DispatcherServlet.render(DispatcherServlet.java:1432)
	at org.springframework.web.servlet.DispatcherServlet.processDispatchResult(DispatcherServlet.java:1168)
	at org.springframework.web.servlet.DispatcherServlet.doDispatch(DispatcherServlet.java:1106)
	at org.springframework.web.servlet.DispatcherServlet.doService(DispatcherServlet.java:979)
	at org.springframework.web.servlet.FrameworkServlet.processRequest(FrameworkServlet.java:1014)
	at org.springframework.web.servlet.FrameworkServlet.doGet(FrameworkServlet.java:903)
	at jakarta.servlet.http.HttpServlet.service(HttpServlet.java:564)
	at org.springframework.web.servlet.FrameworkServlet.service(FrameworkServlet.java:885)
	at jakarta.servlet.http.HttpServlet.service(HttpServlet.java:658)
	at org.apache.catalina.core.ApplicationFilterChain.internalDoFilter(ApplicationFilterChain.java:195)
	at org.apache.catalina.core.ApplicationFilterChain.doFilter(ApplicationFilterChain.java:140)
	at org.springframework.web.filter.CompositeFilter$VirtualFilterChain.doFilter(CompositeFilter.java:108)
	at org.springframework.security.web.FilterChainProxy.lambda$doFilterInternal$3(FilterChainProxy.java:231)
	at org.springframework.security.web.FilterChainProxy$VirtualFilterChain.doFilter(FilterChainProxy.java:365)
	at org.springframework.security.web.access.intercept.AuthorizationFilter.doFilter(AuthorizationFilter.java:100)
	at org.springframework.security.web.FilterChainProxy$VirtualFilterChain.doFilter(FilterChainProxy.java:374)
	at org.springframework.security.web.access.ExceptionTranslationFilter.doFilter(ExceptionTranslationFilter.java:126)
	at org.springframework.security.web.access.ExceptionTranslationFilter.doFilter(ExceptionTranslationFilter.java:120)
	at org.springframework.security.web.FilterChainProxy$VirtualFilterChain.doFilter(FilterChainProxy.java:374)
	at org.springframework.security.web.authentication.AnonymousAuthenticationFilter.doFilter(AnonymousAuthenticationFilter.java:100)
	at org.springframework.security.web.FilterChainProxy$VirtualFilterChain.doFilter(FilterChainProxy.java:374)
	at org.springframework.security.web.servletapi.SecurityContextHolderAwareRequestFilter.doFilter(SecurityContextHolderAwareRequestFilter.java:179)
	at org.springframework.security.web.FilterChainProxy$VirtualFilterChain.doFilter(FilterChainProxy.java:374)
	at org.springframework.security.web.savedrequest.RequestCacheAwareFilter.doFilter(RequestCacheAwareFilter.java:63)
	at org.springframework.security.web.FilterChainProxy$VirtualFilterChain.doFilter(FilterChainProxy.java:374)
	at org.springframework.security.web.authentication.AbstractAuthenticationProcessingFilter.doFilter(AbstractAuthenticationProcessingFilter.java:227)
	at org.springframework.security.web.authentication.AbstractAuthenticationProcessingFilter.doFilter(AbstractAuthenticationProcessingFilter.java:221)
	at org.springframework.security.web.FilterChainProxy$VirtualFilterChain.doFilter(FilterChainProxy.java:374)
	at org.springframework.security.web.authentication.logout.LogoutFilter.doFilter(LogoutFilter.java:107)
	at org.springframework.security.web.authentication.logout.LogoutFilter.doFilter(LogoutFilter.java:93)
	at org.springframework.security.web.FilterChainProxy$VirtualFilterChain.doFilter(FilterChainProxy.java:374)
	at org.springframework.web.filter.OncePerRequestFilter.doFilter(OncePerRequestFilter.java:101)
	at org.springframework.security.web.FilterChainProxy$VirtualFilterChain.doFilter(FilterChainProxy.java:374)
	at org.springframework.web.filter.OncePerRequestFilter.doFilter(OncePerRequestFilter.java:101)
	at org.springframework.security.web.FilterChainProxy$VirtualFilterChain.doFilter(FilterChainProxy.java:374)
	at org.springframework.security.web.context.SecurityContextHolderFilter.doFilter(SecurityContextHolderFilter.java:82)
	at org.springframework.security.web.context.SecurityContextHolderFilter.doFilter(SecurityContextHolderFilter.java:69)
	at org.springframework.security.web.FilterChainProxy$VirtualFilterChain.doFilter(FilterChainProxy.java:374)
	at org.springframework.web.filter.OncePerRequestFilter.doFilter(OncePerRequestFilter.java:101)
	at org.springframework.security.web.FilterChainProxy$VirtualFilterChain.doFilter(FilterChainProxy.java:374)
	at org.springframework.web.filter.OncePerRequestFilter.doFilter(OncePerRequestFilter.java:101)
	at org.springframework.security.web.FilterChainProxy$VirtualFilterChain.doFilter(FilterChainProxy.java:374)
	at org.springframework.security.web.FilterChainProxy.doFilterInternal(FilterChainProxy.java:233)
	at org.springframework.security.web.FilterChainProxy.doFilter(FilterChainProxy.java:191)
	at org.springframework.web.filter.CompositeFilter$VirtualFilterChain.doFilter(CompositeFilter.java:113)
	at org.springframework.web.servlet.handler.HandlerMappingIntrospector.lambda$createCacheFilter$3(HandlerMappingIntrospector.java:195)
	at org.springframework.web.filter.CompositeFilter$VirtualFilterChain.doFilter(CompositeFilter.java:113)
	at org.springframework.web.filter.CompositeFilter.doFilter(CompositeFilter.java:74)
	at org.springframework.security.config.annotation.web.configuration.WebMvcSecurityConfiguration$CompositeFilterChainProxy.doFilter(WebMvcSecurityConfiguration.java:230)
	at org.springframework.web.filter.DelegatingFilterProxy.invokeDelegate(DelegatingFilterProxy.java:352)
	at org.springframework.web.filter.DelegatingFilterProxy.doFilter(DelegatingFilterProxy.java:268)
	at org.apache.catalina.core.ApplicationFilterChain.internalDoFilter(ApplicationFilterChain.java:164)
	at org.apache.catalina.core.ApplicationFilterChain.doFilter(ApplicationFilterChain.java:140)
	at org.springframework.web.filter.RequestContextFilter.doFilterInternal(RequestContextFilter.java:100)
	at org.springframework.web.filter.OncePerRequestFilter.doFilter(OncePerRequestFilter.java:116)
	at org.apache.catalina.core.ApplicationFilterChain.internalDoFilter(ApplicationFilterChain.java:164)
	at org.apache.catalina.core.ApplicationFilterChain.doFilter(ApplicationFilterChain.java:140)
	at org.springframework.web.filter.OncePerRequestFilter.doFilter(OncePerRequestFilter.java:101)
	at org.apache.catalina.core.ApplicationFilterChain.internalDoFilter(ApplicationFilterChain.java:164)
	at org.apache.catalina.core.ApplicationFilterChain.doFilter(ApplicationFilterChain.java:140)
	at org.springframework.web.filter.OncePerRequestFilter.doFilter(OncePerRequestFilter.java:101)
	at org.apache.catalina.core.ApplicationFilterChain.internalDoFilter(ApplicationFilterChain.java:164)
	at org.apache.catalina.core.ApplicationFilterChain.doFilter(ApplicationFilterChain.java:140)
	at org.apache.catalina.core.ApplicationDispatcher.invoke(ApplicationDispatcher.java:632)
	at org.apache.catalina.core.ApplicationDispatcher.processRequest(ApplicationDispatcher.java:410)
	at org.apache.catalina.core.ApplicationDispatcher.doForward(ApplicationDispatcher.java:330)
	at org.apache.catalina.core.ApplicationDispatcher.forward(ApplicationDispatcher.java:267)
	at org.apache.catalina.core.StandardHostValve.custom(StandardHostValve.java:362)
	at org.apache.catalina.core.StandardHostValve.status(StandardHostValve.java:222)
	at org.apache.catalina.core.StandardHostValve.invoke(StandardHostValve.java:151)
	at org.apache.catalina.valves.ErrorReportValve.invoke(ErrorReportValve.java:93)
	at org.apache.catalina.core.StandardEngineValve.invoke(StandardEngineValve.java:74)
	at org.apache.catalina.connector.CoyoteAdapter.service(CoyoteAdapter.java:344)
	at org.apache.coyote.http11.Http11Processor.service(Http11Processor.java:384)
	at org.apache.coyote.AbstractProcessorLight.process(AbstractProcessorLight.java:63)
	at org.apache.coyote.AbstractProtocol$ConnectionHandler.process(AbstractProtocol.java:904)
	at org.apache.tomcat.util.net.NioEndpoint$SocketProcessor.doRun(NioEndpoint.java:1741)
	at org.apache.tomcat.util.net.SocketProcessorBase.run(SocketProcessorBase.java:52)
	at org.apache.tomcat.util.threads.ThreadPoolExecutor.runWorker(ThreadPoolExecutor.java:1190)
	at org.apache.tomcat.util.threads.ThreadPoolExecutor$Worker.run(ThreadPoolExecutor.java:659)
	at org.apache.tomcat.util.threads.TaskThread$WrappingRunnable.run(TaskThread.java:63)
	at java.base/java.lang.Thread.run(Thread.java:1570)
2024-10-30 16:13:17 - Servlet.service() for servlet [dispatcherServlet] threw exception
org.thymeleaf.exceptions.TemplateInputException: Error resolving template [error], template might not exist or might not be accessible by any of the configured Template Resolvers
	at org.thymeleaf.engine.TemplateManager.resolveTemplate(TemplateManager.java:869)
	at org.thymeleaf.engine.TemplateManager.parseAndProcess(TemplateManager.java:607)
	at org.thymeleaf.TemplateEngine.process(TemplateEngine.java:1103)
	at org.thymeleaf.TemplateEngine.process(TemplateEngine.java:1077)
	at org.thymeleaf.spring6.view.ThymeleafView.renderFragment(ThymeleafView.java:372)
	at org.thymeleaf.spring6.view.ThymeleafView.render(ThymeleafView.java:192)
	at org.springframework.web.servlet.DispatcherServlet.render(DispatcherServlet.java:1432)
	at org.springframework.web.servlet.DispatcherServlet.processDispatchResult(DispatcherServlet.java:1168)
	at org.springframework.web.servlet.DispatcherServlet.doDispatch(DispatcherServlet.java:1106)
	at org.springframework.web.servlet.DispatcherServlet.doService(DispatcherServlet.java:979)
	at org.springframework.web.servlet.FrameworkServlet.processRequest(FrameworkServlet.java:1014)
	at org.springframework.web.servlet.FrameworkServlet.doGet(FrameworkServlet.java:903)
	at jakarta.servlet.http.HttpServlet.service(HttpServlet.java:564)
	at org.springframework.web.servlet.FrameworkServlet.service(FrameworkServlet.java:885)
	at jakarta.servlet.http.HttpServlet.service(HttpServlet.java:658)
	at org.apache.catalina.core.ApplicationFilterChain.internalDoFilter(ApplicationFilterChain.java:195)
	at org.apache.catalina.core.ApplicationFilterChain.doFilter(ApplicationFilterChain.java:140)
	at org.springframework.web.filter.CompositeFilter$VirtualFilterChain.doFilter(CompositeFilter.java:108)
	at org.springframework.security.web.FilterChainProxy.lambda$doFilterInternal$3(FilterChainProxy.java:231)
	at org.springframework.security.web.FilterChainProxy$VirtualFilterChain.doFilter(FilterChainProxy.java:365)
	at org.springframework.security.web.access.intercept.AuthorizationFilter.doFilter(AuthorizationFilter.java:100)
	at org.springframework.security.web.FilterChainProxy$VirtualFilterChain.doFilter(FilterChainProxy.java:374)
	at org.springframework.security.web.access.ExceptionTranslationFilter.doFilter(ExceptionTranslationFilter.java:126)
	at org.springframework.security.web.access.ExceptionTranslationFilter.doFilter(ExceptionTranslationFilter.java:120)
	at org.springframework.security.web.FilterChainProxy$VirtualFilterChain.doFilter(FilterChainProxy.java:374)
	at org.springframework.security.web.authentication.AnonymousAuthenticationFilter.doFilter(AnonymousAuthenticationFilter.java:100)
	at org.springframework.security.web.FilterChainProxy$VirtualFilterChain.doFilter(FilterChainProxy.java:374)
	at org.springframework.security.web.servletapi.SecurityContextHolderAwareRequestFilter.doFilter(SecurityContextHolderAwareRequestFilter.java:179)
	at org.springframework.security.web.FilterChainProxy$VirtualFilterChain.doFilter(FilterChainProxy.java:374)
	at org.springframework.security.web.savedrequest.RequestCacheAwareFilter.doFilter(RequestCacheAwareFilter.java:63)
	at org.springframework.security.web.FilterChainProxy$VirtualFilterChain.doFilter(FilterChainProxy.java:374)
	at org.springframework.security.web.authentication.AbstractAuthenticationProcessingFilter.doFilter(AbstractAuthenticationProcessingFilter.java:227)
	at org.springframework.security.web.authentication.AbstractAuthenticationProcessingFilter.doFilter(AbstractAuthenticationProcessingFilter.java:221)
	at org.springframework.security.web.FilterChainProxy$VirtualFilterChain.doFilter(FilterChainProxy.java:374)
	at org.springframework.security.web.authentication.logout.LogoutFilter.doFilter(LogoutFilter.java:107)
	at org.springframework.security.web.authentication.logout.LogoutFilter.doFilter(LogoutFilter.java:93)
	at org.springframework.security.web.FilterChainProxy$VirtualFilterChain.doFilter(FilterChainProxy.java:374)
	at org.springframework.web.filter.OncePerRequestFilter.doFilter(OncePerRequestFilter.java:101)
	at org.springframework.security.web.FilterChainProxy$VirtualFilterChain.doFilter(FilterChainProxy.java:374)
	at org.springframework.web.filter.OncePerRequestFilter.doFilter(OncePerRequestFilter.java:101)
	at org.springframework.security.web.FilterChainProxy$VirtualFilterChain.doFilter(FilterChainProxy.java:374)
	at org.springframework.security.web.context.SecurityContextHolderFilter.doFilter(SecurityContextHolderFilter.java:82)
	at org.springframework.security.web.context.SecurityContextHolderFilter.doFilter(SecurityContextHolderFilter.java:69)
	at org.springframework.security.web.FilterChainProxy$VirtualFilterChain.doFilter(FilterChainProxy.java:374)
	at org.springframework.web.filter.OncePerRequestFilter.doFilter(OncePerRequestFilter.java:101)
	at org.springframework.security.web.FilterChainProxy$VirtualFilterChain.doFilter(FilterChainProxy.java:374)
	at org.springframework.web.filter.OncePerRequestFilter.doFilter(OncePerRequestFilter.java:101)
	at org.springframework.security.web.FilterChainProxy$VirtualFilterChain.doFilter(FilterChainProxy.java:374)
	at org.springframework.security.web.FilterChainProxy.doFilterInternal(FilterChainProxy.java:233)
	at org.springframework.security.web.FilterChainProxy.doFilter(FilterChainProxy.java:191)
	at org.springframework.web.filter.CompositeFilter$VirtualFilterChain.doFilter(CompositeFilter.java:113)
	at org.springframework.web.servlet.handler.HandlerMappingIntrospector.lambda$createCacheFilter$3(HandlerMappingIntrospector.java:195)
	at org.springframework.web.filter.CompositeFilter$VirtualFilterChain.doFilter(CompositeFilter.java:113)
	at org.springframework.web.filter.CompositeFilter.doFilter(CompositeFilter.java:74)
	at org.springframework.security.config.annotation.web.configuration.WebMvcSecurityConfiguration$CompositeFilterChainProxy.doFilter(WebMvcSecurityConfiguration.java:230)
	at org.springframework.web.filter.DelegatingFilterProxy.invokeDelegate(DelegatingFilterProxy.java:352)
	at org.springframework.web.filter.DelegatingFilterProxy.doFilter(DelegatingFilterProxy.java:268)
	at org.apache.catalina.core.ApplicationFilterChain.internalDoFilter(ApplicationFilterChain.java:164)
	at org.apache.catalina.core.ApplicationFilterChain.doFilter(ApplicationFilterChain.java:140)
	at org.springframework.web.filter.RequestContextFilter.doFilterInternal(RequestContextFilter.java:100)
	at org.springframework.web.filter.OncePerRequestFilter.doFilter(OncePerRequestFilter.java:116)
	at org.apache.catalina.core.ApplicationFilterChain.internalDoFilter(ApplicationFilterChain.java:164)
	at org.apache.catalina.core.ApplicationFilterChain.doFilter(ApplicationFilterChain.java:140)
	at org.springframework.web.filter.OncePerRequestFilter.doFilter(OncePerRequestFilter.java:101)
	at org.apache.catalina.core.ApplicationFilterChain.internalDoFilter(ApplicationFilterChain.java:164)
	at org.apache.catalina.core.ApplicationFilterChain.doFilter(ApplicationFilterChain.java:140)
	at org.springframework.web.filter.OncePerRequestFilter.doFilter(OncePerRequestFilter.java:101)
	at org.apache.catalina.core.ApplicationFilterChain.internalDoFilter(ApplicationFilterChain.java:164)
	at org.apache.catalina.core.ApplicationFilterChain.doFilter(ApplicationFilterChain.java:140)
	at org.apache.catalina.core.ApplicationDispatcher.invoke(ApplicationDispatcher.java:632)
	at org.apache.catalina.core.ApplicationDispatcher.processRequest(ApplicationDispatcher.java:410)
	at org.apache.catalina.core.ApplicationDispatcher.doForward(ApplicationDispatcher.java:330)
	at org.apache.catalina.core.ApplicationDispatcher.forward(ApplicationDispatcher.java:267)
	at org.apache.catalina.core.StandardHostValve.custom(StandardHostValve.java:362)
	at org.apache.catalina.core.StandardHostValve.status(StandardHostValve.java:222)
	at org.apache.catalina.core.StandardHostValve.invoke(StandardHostValve.java:151)
	at org.apache.catalina.valves.ErrorReportValve.invoke(ErrorReportValve.java:93)
	at org.apache.catalina.core.StandardEngineValve.invoke(StandardEngineValve.java:74)
	at org.apache.catalina.connector.CoyoteAdapter.service(CoyoteAdapter.java:344)
	at org.apache.coyote.http11.Http11Processor.service(Http11Processor.java:384)
	at org.apache.coyote.AbstractProcessorLight.process(AbstractProcessorLight.java:63)
	at org.apache.coyote.AbstractProtocol$ConnectionHandler.process(AbstractProtocol.java:904)
	at org.apache.tomcat.util.net.NioEndpoint$SocketProcessor.doRun(NioEndpoint.java:1741)
	at org.apache.tomcat.util.net.SocketProcessorBase.run(SocketProcessorBase.java:52)
	at org.apache.tomcat.util.threads.ThreadPoolExecutor.runWorker(ThreadPoolExecutor.java:1190)
	at org.apache.tomcat.util.threads.ThreadPoolExecutor$Worker.run(ThreadPoolExecutor.java:659)
	at org.apache.tomcat.util.threads.TaskThread$WrappingRunnable.run(TaskThread.java:63)
	at java.base/java.lang.Thread.run(Thread.java:1570)
2024-10-30 16:13:17 - Exception Processing [ErrorPage[errorCode=0, location=/error]]
jakarta.servlet.ServletException: Request processing failed: org.thymeleaf.exceptions.TemplateInputException: Error resolving template [error], template might not exist or might not be accessible by any of the configured Template Resolvers
	at org.springframework.web.servlet.FrameworkServlet.processRequest(FrameworkServlet.java:1022)
	at org.springframework.web.servlet.FrameworkServlet.doGet(FrameworkServlet.java:903)
	at jakarta.servlet.http.HttpServlet.service(HttpServlet.java:564)
	at org.springframework.web.servlet.FrameworkServlet.service(FrameworkServlet.java:885)
	at jakarta.servlet.http.HttpServlet.service(HttpServlet.java:658)
	at org.apache.catalina.core.ApplicationFilterChain.internalDoFilter(ApplicationFilterChain.java:195)
	at org.apache.catalina.core.ApplicationFilterChain.doFilter(ApplicationFilterChain.java:140)
	at org.springframework.web.filter.CompositeFilter$VirtualFilterChain.doFilter(CompositeFilter.java:108)
	at org.springframework.security.web.FilterChainProxy.lambda$doFilterInternal$3(FilterChainProxy.java:231)
	at org.springframework.security.web.FilterChainProxy$VirtualFilterChain.doFilter(FilterChainProxy.java:365)
	at org.springframework.security.web.access.intercept.AuthorizationFilter.doFilter(AuthorizationFilter.java:100)
	at org.springframework.security.web.FilterChainProxy$VirtualFilterChain.doFilter(FilterChainProxy.java:374)
	at org.springframework.security.web.access.ExceptionTranslationFilter.doFilter(ExceptionTranslationFilter.java:126)
	at org.springframework.security.web.access.ExceptionTranslationFilter.doFilter(ExceptionTranslationFilter.java:120)
	at org.springframework.security.web.FilterChainProxy$VirtualFilterChain.doFilter(FilterChainProxy.java:374)
	at org.springframework.security.web.authentication.AnonymousAuthenticationFilter.doFilter(AnonymousAuthenticationFilter.java:100)
	at org.springframework.security.web.FilterChainProxy$VirtualFilterChain.doFilter(FilterChainProxy.java:374)
	at org.springframework.security.web.servletapi.SecurityContextHolderAwareRequestFilter.doFilter(SecurityContextHolderAwareRequestFilter.java:179)
	at org.springframework.security.web.FilterChainProxy$VirtualFilterChain.doFilter(FilterChainProxy.java:374)
	at org.springframework.security.web.savedrequest.RequestCacheAwareFilter.doFilter(RequestCacheAwareFilter.java:63)
	at org.springframework.security.web.FilterChainProxy$VirtualFilterChain.doFilter(FilterChainProxy.java:374)
	at org.springframework.security.web.authentication.AbstractAuthenticationProcessingFilter.doFilter(AbstractAuthenticationProcessingFilter.java:227)
	at org.springframework.security.web.authentication.AbstractAuthenticationProcessingFilter.doFilter(AbstractAuthenticationProcessingFilter.java:221)
	at org.springframework.security.web.FilterChainProxy$VirtualFilterChain.doFilter(FilterChainProxy.java:374)
	at org.springframework.security.web.authentication.logout.LogoutFilter.doFilter(LogoutFilter.java:107)
	at org.springframework.security.web.authentication.logout.LogoutFilter.doFilter(LogoutFilter.java:93)
	at org.springframework.security.web.FilterChainProxy$VirtualFilterChain.doFilter(FilterChainProxy.java:374)
	at org.springframework.web.filter.OncePerRequestFilter.doFilter(OncePerRequestFilter.java:101)
	at org.springframework.security.web.FilterChainProxy$VirtualFilterChain.doFilter(FilterChainProxy.java:374)
	at org.springframework.web.filter.OncePerRequestFilter.doFilter(OncePerRequestFilter.java:101)
	at org.springframework.security.web.FilterChainProxy$VirtualFilterChain.doFilter(FilterChainProxy.java:374)
	at org.springframework.security.web.context.SecurityContextHolderFilter.doFilter(SecurityContextHolderFilter.java:82)
	at org.springframework.security.web.context.SecurityContextHolderFilter.doFilter(SecurityContextHolderFilter.java:69)
	at org.springframework.security.web.FilterChainProxy$VirtualFilterChain.doFilter(FilterChainProxy.java:374)
	at org.springframework.web.filter.OncePerRequestFilter.doFilter(OncePerRequestFilter.java:101)
	at org.springframework.security.web.FilterChainProxy$VirtualFilterChain.doFilter(FilterChainProxy.java:374)
	at org.springframework.web.filter.OncePerRequestFilter.doFilter(OncePerRequestFilter.java:101)
	at org.springframework.security.web.FilterChainProxy$VirtualFilterChain.doFilter(FilterChainProxy.java:374)
	at org.springframework.security.web.FilterChainProxy.doFilterInternal(FilterChainProxy.java:233)
	at org.springframework.security.web.FilterChainProxy.doFilter(FilterChainProxy.java:191)
	at org.springframework.web.filter.CompositeFilter$VirtualFilterChain.doFilter(CompositeFilter.java:113)
	at org.springframework.web.servlet.handler.HandlerMappingIntrospector.lambda$createCacheFilter$3(HandlerMappingIntrospector.java:195)
	at org.springframework.web.filter.CompositeFilter$VirtualFilterChain.doFilter(CompositeFilter.java:113)
	at org.springframework.web.filter.CompositeFilter.doFilter(CompositeFilter.java:74)
	at org.springframework.security.config.annotation.web.configuration.WebMvcSecurityConfiguration$CompositeFilterChainProxy.doFilter(WebMvcSecurityConfiguration.java:230)
	at org.springframework.web.filter.DelegatingFilterProxy.invokeDelegate(DelegatingFilterProxy.java:352)
	at org.springframework.web.filter.DelegatingFilterProxy.doFilter(DelegatingFilterProxy.java:268)
	at org.apache.catalina.core.ApplicationFilterChain.internalDoFilter(ApplicationFilterChain.java:164)
	at org.apache.catalina.core.ApplicationFilterChain.doFilter(ApplicationFilterChain.java:140)
	at org.springframework.web.filter.RequestContextFilter.doFilterInternal(RequestContextFilter.java:100)
	at org.springframework.web.filter.OncePerRequestFilter.doFilter(OncePerRequestFilter.java:116)
	at org.apache.catalina.core.ApplicationFilterChain.internalDoFilter(ApplicationFilterChain.java:164)
	at org.apache.catalina.core.ApplicationFilterChain.doFilter(ApplicationFilterChain.java:140)
	at org.springframework.web.filter.OncePerRequestFilter.doFilter(OncePerRequestFilter.java:101)
	at org.apache.catalina.core.ApplicationFilterChain.internalDoFilter(ApplicationFilterChain.java:164)
	at org.apache.catalina.core.ApplicationFilterChain.doFilter(ApplicationFilterChain.java:140)
	at org.springframework.web.filter.OncePerRequestFilter.doFilter(OncePerRequestFilter.java:101)
	at org.apache.catalina.core.ApplicationFilterChain.internalDoFilter(ApplicationFilterChain.java:164)
	at org.apache.catalina.core.ApplicationFilterChain.doFilter(ApplicationFilterChain.java:140)
	at org.apache.catalina.core.ApplicationDispatcher.invoke(ApplicationDispatcher.java:632)
	at org.apache.catalina.core.ApplicationDispatcher.processRequest(ApplicationDispatcher.java:410)
	at org.apache.catalina.core.ApplicationDispatcher.doForward(ApplicationDispatcher.java:330)
	at org.apache.catalina.core.ApplicationDispatcher.forward(ApplicationDispatcher.java:267)
	at org.apache.catalina.core.StandardHostValve.custom(StandardHostValve.java:362)
	at org.apache.catalina.core.StandardHostValve.status(StandardHostValve.java:222)
	at org.apache.catalina.core.StandardHostValve.invoke(StandardHostValve.java:151)
	at org.apache.catalina.valves.ErrorReportValve.invoke(ErrorReportValve.java:93)
	at org.apache.catalina.core.StandardEngineValve.invoke(StandardEngineValve.java:74)
	at org.apache.catalina.connector.CoyoteAdapter.service(CoyoteAdapter.java:344)
	at org.apache.coyote.http11.Http11Processor.service(Http11Processor.java:384)
	at org.apache.coyote.AbstractProcessorLight.process(AbstractProcessorLight.java:63)
	at org.apache.coyote.AbstractProtocol$ConnectionHandler.process(AbstractProtocol.java:904)
	at org.apache.tomcat.util.net.NioEndpoint$SocketProcessor.doRun(NioEndpoint.java:1741)
	at org.apache.tomcat.util.net.SocketProcessorBase.run(SocketProcessorBase.java:52)
	at org.apache.tomcat.util.threads.ThreadPoolExecutor.runWorker(ThreadPoolExecutor.java:1190)
	at org.apache.tomcat.util.threads.ThreadPoolExecutor$Worker.run(ThreadPoolExecutor.java:659)
	at org.apache.tomcat.util.threads.TaskThread$WrappingRunnable.run(TaskThread.java:63)
	at java.base/java.lang.Thread.run(Thread.java:1570)
Caused by: org.thymeleaf.exceptions.TemplateInputException: Error resolving template [error], template might not exist or might not be accessible by any of the configured Template Resolvers
	at org.thymeleaf.engine.TemplateManager.resolveTemplate(TemplateManager.java:869)
	at org.thymeleaf.engine.TemplateManager.parseAndProcess(TemplateManager.java:607)
	at org.thymeleaf.TemplateEngine.process(TemplateEngine.java:1103)
	at org.thymeleaf.TemplateEngine.process(TemplateEngine.java:1077)
	at org.thymeleaf.spring6.view.ThymeleafView.renderFragment(ThymeleafView.java:372)
	at org.thymeleaf.spring6.view.ThymeleafView.render(ThymeleafView.java:192)
	at org.springframework.web.servlet.DispatcherServlet.render(DispatcherServlet.java:1432)
	at org.springframework.web.servlet.DispatcherServlet.processDispatchResult(DispatcherServlet.java:1168)
	at org.springframework.web.servlet.DispatcherServlet.doDispatch(DispatcherServlet.java:1106)
	at org.springframework.web.servlet.DispatcherServlet.doService(DispatcherServlet.java:979)
	at org.springframework.web.servlet.FrameworkServlet.processRequest(FrameworkServlet.java:1014)
	... 77 common frames omitted
2024-10-30 16:13:36 - [THYMELEAF][http-nio-8080-exec-10] Exception processing template "error": Error resolving template [error], template might not exist or might not be accessible by any of the configured Template Resolvers
org.thymeleaf.exceptions.TemplateInputException: Error resolving template [error], template might not exist or might not be accessible by any of the configured Template Resolvers
	at org.thymeleaf.engine.TemplateManager.resolveTemplate(TemplateManager.java:869)
	at org.thymeleaf.engine.TemplateManager.parseAndProcess(TemplateManager.java:607)
	at org.thymeleaf.TemplateEngine.process(TemplateEngine.java:1103)
	at org.thymeleaf.TemplateEngine.process(TemplateEngine.java:1077)
	at org.thymeleaf.spring6.view.ThymeleafView.renderFragment(ThymeleafView.java:372)
	at org.thymeleaf.spring6.view.ThymeleafView.render(ThymeleafView.java:192)
	at org.springframework.web.servlet.DispatcherServlet.render(DispatcherServlet.java:1432)
	at org.springframework.web.servlet.DispatcherServlet.processDispatchResult(DispatcherServlet.java:1168)
	at org.springframework.web.servlet.DispatcherServlet.doDispatch(DispatcherServlet.java:1106)
	at org.springframework.web.servlet.DispatcherServlet.doService(DispatcherServlet.java:979)
	at org.springframework.web.servlet.FrameworkServlet.processRequest(FrameworkServlet.java:1014)
	at org.springframework.web.servlet.FrameworkServlet.doGet(FrameworkServlet.java:903)
	at jakarta.servlet.http.HttpServlet.service(HttpServlet.java:564)
	at org.springframework.web.servlet.FrameworkServlet.service(FrameworkServlet.java:885)
	at jakarta.servlet.http.HttpServlet.service(HttpServlet.java:658)
	at org.apache.catalina.core.ApplicationFilterChain.internalDoFilter(ApplicationFilterChain.java:195)
	at org.apache.catalina.core.ApplicationFilterChain.doFilter(ApplicationFilterChain.java:140)
	at org.springframework.web.filter.CompositeFilter$VirtualFilterChain.doFilter(CompositeFilter.java:108)
	at org.springframework.security.web.FilterChainProxy.lambda$doFilterInternal$3(FilterChainProxy.java:231)
	at org.springframework.security.web.FilterChainProxy$VirtualFilterChain.doFilter(FilterChainProxy.java:365)
	at org.springframework.security.web.access.intercept.AuthorizationFilter.doFilter(AuthorizationFilter.java:100)
	at org.springframework.security.web.FilterChainProxy$VirtualFilterChain.doFilter(FilterChainProxy.java:374)
	at org.springframework.security.web.access.ExceptionTranslationFilter.doFilter(ExceptionTranslationFilter.java:126)
	at org.springframework.security.web.access.ExceptionTranslationFilter.doFilter(ExceptionTranslationFilter.java:120)
	at org.springframework.security.web.FilterChainProxy$VirtualFilterChain.doFilter(FilterChainProxy.java:374)
	at org.springframework.security.web.authentication.AnonymousAuthenticationFilter.doFilter(AnonymousAuthenticationFilter.java:100)
	at org.springframework.security.web.FilterChainProxy$VirtualFilterChain.doFilter(FilterChainProxy.java:374)
	at org.springframework.security.web.servletapi.SecurityContextHolderAwareRequestFilter.doFilter(SecurityContextHolderAwareRequestFilter.java:179)
	at org.springframework.security.web.FilterChainProxy$VirtualFilterChain.doFilter(FilterChainProxy.java:374)
	at org.springframework.security.web.savedrequest.RequestCacheAwareFilter.doFilter(RequestCacheAwareFilter.java:63)
	at org.springframework.security.web.FilterChainProxy$VirtualFilterChain.doFilter(FilterChainProxy.java:374)
	at org.springframework.security.web.authentication.AbstractAuthenticationProcessingFilter.doFilter(AbstractAuthenticationProcessingFilter.java:227)
	at org.springframework.security.web.authentication.AbstractAuthenticationProcessingFilter.doFilter(AbstractAuthenticationProcessingFilter.java:221)
	at org.springframework.security.web.FilterChainProxy$VirtualFilterChain.doFilter(FilterChainProxy.java:374)
	at org.springframework.security.web.authentication.logout.LogoutFilter.doFilter(LogoutFilter.java:107)
	at org.springframework.security.web.authentication.logout.LogoutFilter.doFilter(LogoutFilter.java:93)
	at org.springframework.security.web.FilterChainProxy$VirtualFilterChain.doFilter(FilterChainProxy.java:374)
	at org.springframework.web.filter.OncePerRequestFilter.doFilter(OncePerRequestFilter.java:101)
	at org.springframework.security.web.FilterChainProxy$VirtualFilterChain.doFilter(FilterChainProxy.java:374)
	at org.springframework.web.filter.OncePerRequestFilter.doFilter(OncePerRequestFilter.java:101)
	at org.springframework.security.web.FilterChainProxy$VirtualFilterChain.doFilter(FilterChainProxy.java:374)
	at org.springframework.security.web.context.SecurityContextHolderFilter.doFilter(SecurityContextHolderFilter.java:82)
	at org.springframework.security.web.context.SecurityContextHolderFilter.doFilter(SecurityContextHolderFilter.java:69)
	at org.springframework.security.web.FilterChainProxy$VirtualFilterChain.doFilter(FilterChainProxy.java:374)
	at org.springframework.web.filter.OncePerRequestFilter.doFilter(OncePerRequestFilter.java:101)
	at org.springframework.security.web.FilterChainProxy$VirtualFilterChain.doFilter(FilterChainProxy.java:374)
	at org.springframework.web.filter.OncePerRequestFilter.doFilter(OncePerRequestFilter.java:101)
	at org.springframework.security.web.FilterChainProxy$VirtualFilterChain.doFilter(FilterChainProxy.java:374)
	at org.springframework.security.web.FilterChainProxy.doFilterInternal(FilterChainProxy.java:233)
	at org.springframework.security.web.FilterChainProxy.doFilter(FilterChainProxy.java:191)
	at org.springframework.web.filter.CompositeFilter$VirtualFilterChain.doFilter(CompositeFilter.java:113)
	at org.springframework.web.servlet.handler.HandlerMappingIntrospector.lambda$createCacheFilter$3(HandlerMappingIntrospector.java:195)
	at org.springframework.web.filter.CompositeFilter$VirtualFilterChain.doFilter(CompositeFilter.java:113)
	at org.springframework.web.filter.CompositeFilter.doFilter(CompositeFilter.java:74)
	at org.springframework.security.config.annotation.web.configuration.WebMvcSecurityConfiguration$CompositeFilterChainProxy.doFilter(WebMvcSecurityConfiguration.java:230)
	at org.springframework.web.filter.DelegatingFilterProxy.invokeDelegate(DelegatingFilterProxy.java:352)
	at org.springframework.web.filter.DelegatingFilterProxy.doFilter(DelegatingFilterProxy.java:268)
	at org.apache.catalina.core.ApplicationFilterChain.internalDoFilter(ApplicationFilterChain.java:164)
	at org.apache.catalina.core.ApplicationFilterChain.doFilter(ApplicationFilterChain.java:140)
	at org.springframework.web.filter.RequestContextFilter.doFilterInternal(RequestContextFilter.java:100)
	at org.springframework.web.filter.OncePerRequestFilter.doFilter(OncePerRequestFilter.java:116)
	at org.apache.catalina.core.ApplicationFilterChain.internalDoFilter(ApplicationFilterChain.java:164)
	at org.apache.catalina.core.ApplicationFilterChain.doFilter(ApplicationFilterChain.java:140)
	at org.springframework.web.filter.OncePerRequestFilter.doFilter(OncePerRequestFilter.java:101)
	at org.apache.catalina.core.ApplicationFilterChain.internalDoFilter(ApplicationFilterChain.java:164)
	at org.apache.catalina.core.ApplicationFilterChain.doFilter(ApplicationFilterChain.java:140)
	at org.springframework.web.filter.OncePerRequestFilter.doFilter(OncePerRequestFilter.java:101)
	at org.apache.catalina.core.ApplicationFilterChain.internalDoFilter(ApplicationFilterChain.java:164)
	at org.apache.catalina.core.ApplicationFilterChain.doFilter(ApplicationFilterChain.java:140)
	at org.apache.catalina.core.ApplicationDispatcher.invoke(ApplicationDispatcher.java:632)
	at org.apache.catalina.core.ApplicationDispatcher.processRequest(ApplicationDispatcher.java:410)
	at org.apache.catalina.core.ApplicationDispatcher.doForward(ApplicationDispatcher.java:330)
	at org.apache.catalina.core.ApplicationDispatcher.forward(ApplicationDispatcher.java:267)
	at org.apache.catalina.core.StandardHostValve.custom(StandardHostValve.java:362)
	at org.apache.catalina.core.StandardHostValve.status(StandardHostValve.java:222)
	at org.apache.catalina.core.StandardHostValve.invoke(StandardHostValve.java:151)
	at org.apache.catalina.valves.ErrorReportValve.invoke(ErrorReportValve.java:93)
	at org.apache.catalina.core.StandardEngineValve.invoke(StandardEngineValve.java:74)
	at org.apache.catalina.connector.CoyoteAdapter.service(CoyoteAdapter.java:344)
	at org.apache.coyote.http11.Http11Processor.service(Http11Processor.java:384)
	at org.apache.coyote.AbstractProcessorLight.process(AbstractProcessorLight.java:63)
	at org.apache.coyote.AbstractProtocol$ConnectionHandler.process(AbstractProtocol.java:904)
	at org.apache.tomcat.util.net.NioEndpoint$SocketProcessor.doRun(NioEndpoint.java:1741)
	at org.apache.tomcat.util.net.SocketProcessorBase.run(SocketProcessorBase.java:52)
	at org.apache.tomcat.util.threads.ThreadPoolExecutor.runWorker(ThreadPoolExecutor.java:1190)
	at org.apache.tomcat.util.threads.ThreadPoolExecutor$Worker.run(ThreadPoolExecutor.java:659)
	at org.apache.tomcat.util.threads.TaskThread$WrappingRunnable.run(TaskThread.java:63)
	at java.base/java.lang.Thread.run(Thread.java:1570)
2024-10-30 16:13:36 - Servlet.service() for servlet [dispatcherServlet] threw exception
org.thymeleaf.exceptions.TemplateInputException: Error resolving template [error], template might not exist or might not be accessible by any of the configured Template Resolvers
	at org.thymeleaf.engine.TemplateManager.resolveTemplate(TemplateManager.java:869)
	at org.thymeleaf.engine.TemplateManager.parseAndProcess(TemplateManager.java:607)
	at org.thymeleaf.TemplateEngine.process(TemplateEngine.java:1103)
	at org.thymeleaf.TemplateEngine.process(TemplateEngine.java:1077)
	at org.thymeleaf.spring6.view.ThymeleafView.renderFragment(ThymeleafView.java:372)
	at org.thymeleaf.spring6.view.ThymeleafView.render(ThymeleafView.java:192)
	at org.springframework.web.servlet.DispatcherServlet.render(DispatcherServlet.java:1432)
	at org.springframework.web.servlet.DispatcherServlet.processDispatchResult(DispatcherServlet.java:1168)
	at org.springframework.web.servlet.DispatcherServlet.doDispatch(DispatcherServlet.java:1106)
	at org.springframework.web.servlet.DispatcherServlet.doService(DispatcherServlet.java:979)
	at org.springframework.web.servlet.FrameworkServlet.processRequest(FrameworkServlet.java:1014)
	at org.springframework.web.servlet.FrameworkServlet.doGet(FrameworkServlet.java:903)
	at jakarta.servlet.http.HttpServlet.service(HttpServlet.java:564)
	at org.springframework.web.servlet.FrameworkServlet.service(FrameworkServlet.java:885)
	at jakarta.servlet.http.HttpServlet.service(HttpServlet.java:658)
	at org.apache.catalina.core.ApplicationFilterChain.internalDoFilter(ApplicationFilterChain.java:195)
	at org.apache.catalina.core.ApplicationFilterChain.doFilter(ApplicationFilterChain.java:140)
	at org.springframework.web.filter.CompositeFilter$VirtualFilterChain.doFilter(CompositeFilter.java:108)
	at org.springframework.security.web.FilterChainProxy.lambda$doFilterInternal$3(FilterChainProxy.java:231)
	at org.springframework.security.web.FilterChainProxy$VirtualFilterChain.doFilter(FilterChainProxy.java:365)
	at org.springframework.security.web.access.intercept.AuthorizationFilter.doFilter(AuthorizationFilter.java:100)
	at org.springframework.security.web.FilterChainProxy$VirtualFilterChain.doFilter(FilterChainProxy.java:374)
	at org.springframework.security.web.access.ExceptionTranslationFilter.doFilter(ExceptionTranslationFilter.java:126)
	at org.springframework.security.web.access.ExceptionTranslationFilter.doFilter(ExceptionTranslationFilter.java:120)
	at org.springframework.security.web.FilterChainProxy$VirtualFilterChain.doFilter(FilterChainProxy.java:374)
	at org.springframework.security.web.authentication.AnonymousAuthenticationFilter.doFilter(AnonymousAuthenticationFilter.java:100)
	at org.springframework.security.web.FilterChainProxy$VirtualFilterChain.doFilter(FilterChainProxy.java:374)
	at org.springframework.security.web.servletapi.SecurityContextHolderAwareRequestFilter.doFilter(SecurityContextHolderAwareRequestFilter.java:179)
	at org.springframework.security.web.FilterChainProxy$VirtualFilterChain.doFilter(FilterChainProxy.java:374)
	at org.springframework.security.web.savedrequest.RequestCacheAwareFilter.doFilter(RequestCacheAwareFilter.java:63)
	at org.springframework.security.web.FilterChainProxy$VirtualFilterChain.doFilter(FilterChainProxy.java:374)
	at org.springframework.security.web.authentication.AbstractAuthenticationProcessingFilter.doFilter(AbstractAuthenticationProcessingFilter.java:227)
	at org.springframework.security.web.authentication.AbstractAuthenticationProcessingFilter.doFilter(AbstractAuthenticationProcessingFilter.java:221)
	at org.springframework.security.web.FilterChainProxy$VirtualFilterChain.doFilter(FilterChainProxy.java:374)
	at org.springframework.security.web.authentication.logout.LogoutFilter.doFilter(LogoutFilter.java:107)
	at org.springframework.security.web.authentication.logout.LogoutFilter.doFilter(LogoutFilter.java:93)
	at org.springframework.security.web.FilterChainProxy$VirtualFilterChain.doFilter(FilterChainProxy.java:374)
	at org.springframework.web.filter.OncePerRequestFilter.doFilter(OncePerRequestFilter.java:101)
	at org.springframework.security.web.FilterChainProxy$VirtualFilterChain.doFilter(FilterChainProxy.java:374)
	at org.springframework.web.filter.OncePerRequestFilter.doFilter(OncePerRequestFilter.java:101)
	at org.springframework.security.web.FilterChainProxy$VirtualFilterChain.doFilter(FilterChainProxy.java:374)
	at org.springframework.security.web.context.SecurityContextHolderFilter.doFilter(SecurityContextHolderFilter.java:82)
	at org.springframework.security.web.context.SecurityContextHolderFilter.doFilter(SecurityContextHolderFilter.java:69)
	at org.springframework.security.web.FilterChainProxy$VirtualFilterChain.doFilter(FilterChainProxy.java:374)
	at org.springframework.web.filter.OncePerRequestFilter.doFilter(OncePerRequestFilter.java:101)
	at org.springframework.security.web.FilterChainProxy$VirtualFilterChain.doFilter(FilterChainProxy.java:374)
	at org.springframework.web.filter.OncePerRequestFilter.doFilter(OncePerRequestFilter.java:101)
	at org.springframework.security.web.FilterChainProxy$VirtualFilterChain.doFilter(FilterChainProxy.java:374)
	at org.springframework.security.web.FilterChainProxy.doFilterInternal(FilterChainProxy.java:233)
	at org.springframework.security.web.FilterChainProxy.doFilter(FilterChainProxy.java:191)
	at org.springframework.web.filter.CompositeFilter$VirtualFilterChain.doFilter(CompositeFilter.java:113)
	at org.springframework.web.servlet.handler.HandlerMappingIntrospector.lambda$createCacheFilter$3(HandlerMappingIntrospector.java:195)
	at org.springframework.web.filter.CompositeFilter$VirtualFilterChain.doFilter(CompositeFilter.java:113)
	at org.springframework.web.filter.CompositeFilter.doFilter(CompositeFilter.java:74)
	at org.springframework.security.config.annotation.web.configuration.WebMvcSecurityConfiguration$CompositeFilterChainProxy.doFilter(WebMvcSecurityConfiguration.java:230)
	at org.springframework.web.filter.DelegatingFilterProxy.invokeDelegate(DelegatingFilterProxy.java:352)
	at org.springframework.web.filter.DelegatingFilterProxy.doFilter(DelegatingFilterProxy.java:268)
	at org.apache.catalina.core.ApplicationFilterChain.internalDoFilter(ApplicationFilterChain.java:164)
	at org.apache.catalina.core.ApplicationFilterChain.doFilter(ApplicationFilterChain.java:140)
	at org.springframework.web.filter.RequestContextFilter.doFilterInternal(RequestContextFilter.java:100)
	at org.springframework.web.filter.OncePerRequestFilter.doFilter(OncePerRequestFilter.java:116)
	at org.apache.catalina.core.ApplicationFilterChain.internalDoFilter(ApplicationFilterChain.java:164)
	at org.apache.catalina.core.ApplicationFilterChain.doFilter(ApplicationFilterChain.java:140)
	at org.springframework.web.filter.OncePerRequestFilter.doFilter(OncePerRequestFilter.java:101)
	at org.apache.catalina.core.ApplicationFilterChain.internalDoFilter(ApplicationFilterChain.java:164)
	at org.apache.catalina.core.ApplicationFilterChain.doFilter(ApplicationFilterChain.java:140)
	at org.springframework.web.filter.OncePerRequestFilter.doFilter(OncePerRequestFilter.java:101)
	at org.apache.catalina.core.ApplicationFilterChain.internalDoFilter(ApplicationFilterChain.java:164)
	at org.apache.catalina.core.ApplicationFilterChain.doFilter(ApplicationFilterChain.java:140)
	at org.apache.catalina.core.ApplicationDispatcher.invoke(ApplicationDispatcher.java:632)
	at org.apache.catalina.core.ApplicationDispatcher.processRequest(ApplicationDispatcher.java:410)
	at org.apache.catalina.core.ApplicationDispatcher.doForward(ApplicationDispatcher.java:330)
	at org.apache.catalina.core.ApplicationDispatcher.forward(ApplicationDispatcher.java:267)
	at org.apache.catalina.core.StandardHostValve.custom(StandardHostValve.java:362)
	at org.apache.catalina.core.StandardHostValve.status(StandardHostValve.java:222)
	at org.apache.catalina.core.StandardHostValve.invoke(StandardHostValve.java:151)
	at org.apache.catalina.valves.ErrorReportValve.invoke(ErrorReportValve.java:93)
	at org.apache.catalina.core.StandardEngineValve.invoke(StandardEngineValve.java:74)
	at org.apache.catalina.connector.CoyoteAdapter.service(CoyoteAdapter.java:344)
	at org.apache.coyote.http11.Http11Processor.service(Http11Processor.java:384)
	at org.apache.coyote.AbstractProcessorLight.process(AbstractProcessorLight.java:63)
	at org.apache.coyote.AbstractProtocol$ConnectionHandler.process(AbstractProtocol.java:904)
	at org.apache.tomcat.util.net.NioEndpoint$SocketProcessor.doRun(NioEndpoint.java:1741)
	at org.apache.tomcat.util.net.SocketProcessorBase.run(SocketProcessorBase.java:52)
	at org.apache.tomcat.util.threads.ThreadPoolExecutor.runWorker(ThreadPoolExecutor.java:1190)
	at org.apache.tomcat.util.threads.ThreadPoolExecutor$Worker.run(ThreadPoolExecutor.java:659)
	at org.apache.tomcat.util.threads.TaskThread$WrappingRunnable.run(TaskThread.java:63)
	at java.base/java.lang.Thread.run(Thread.java:1570)
2024-10-30 16:13:36 - Exception Processing [ErrorPage[errorCode=0, location=/error]]
jakarta.servlet.ServletException: Request processing failed: org.thymeleaf.exceptions.TemplateInputException: Error resolving template [error], template might not exist or might not be accessible by any of the configured Template Resolvers
	at org.springframework.web.servlet.FrameworkServlet.processRequest(FrameworkServlet.java:1022)
	at org.springframework.web.servlet.FrameworkServlet.doGet(FrameworkServlet.java:903)
	at jakarta.servlet.http.HttpServlet.service(HttpServlet.java:564)
	at org.springframework.web.servlet.FrameworkServlet.service(FrameworkServlet.java:885)
	at jakarta.servlet.http.HttpServlet.service(HttpServlet.java:658)
	at org.apache.catalina.core.ApplicationFilterChain.internalDoFilter(ApplicationFilterChain.java:195)
	at org.apache.catalina.core.ApplicationFilterChain.doFilter(ApplicationFilterChain.java:140)
	at org.springframework.web.filter.CompositeFilter$VirtualFilterChain.doFilter(CompositeFilter.java:108)
	at org.springframework.security.web.FilterChainProxy.lambda$doFilterInternal$3(FilterChainProxy.java:231)
	at org.springframework.security.web.FilterChainProxy$VirtualFilterChain.doFilter(FilterChainProxy.java:365)
	at org.springframework.security.web.access.intercept.AuthorizationFilter.doFilter(AuthorizationFilter.java:100)
	at org.springframework.security.web.FilterChainProxy$VirtualFilterChain.doFilter(FilterChainProxy.java:374)
	at org.springframework.security.web.access.ExceptionTranslationFilter.doFilter(ExceptionTranslationFilter.java:126)
	at org.springframework.security.web.access.ExceptionTranslationFilter.doFilter(ExceptionTranslationFilter.java:120)
	at org.springframework.security.web.FilterChainProxy$VirtualFilterChain.doFilter(FilterChainProxy.java:374)
	at org.springframework.security.web.authentication.AnonymousAuthenticationFilter.doFilter(AnonymousAuthenticationFilter.java:100)
	at org.springframework.security.web.FilterChainProxy$VirtualFilterChain.doFilter(FilterChainProxy.java:374)
	at org.springframework.security.web.servletapi.SecurityContextHolderAwareRequestFilter.doFilter(SecurityContextHolderAwareRequestFilter.java:179)
	at org.springframework.security.web.FilterChainProxy$VirtualFilterChain.doFilter(FilterChainProxy.java:374)
	at org.springframework.security.web.savedrequest.RequestCacheAwareFilter.doFilter(RequestCacheAwareFilter.java:63)
	at org.springframework.security.web.FilterChainProxy$VirtualFilterChain.doFilter(FilterChainProxy.java:374)
	at org.springframework.security.web.authentication.AbstractAuthenticationProcessingFilter.doFilter(AbstractAuthenticationProcessingFilter.java:227)
	at org.springframework.security.web.authentication.AbstractAuthenticationProcessingFilter.doFilter(AbstractAuthenticationProcessingFilter.java:221)
	at org.springframework.security.web.FilterChainProxy$VirtualFilterChain.doFilter(FilterChainProxy.java:374)
	at org.springframework.security.web.authentication.logout.LogoutFilter.doFilter(LogoutFilter.java:107)
	at org.springframework.security.web.authentication.logout.LogoutFilter.doFilter(LogoutFilter.java:93)
	at org.springframework.security.web.FilterChainProxy$VirtualFilterChain.doFilter(FilterChainProxy.java:374)
	at org.springframework.web.filter.OncePerRequestFilter.doFilter(OncePerRequestFilter.java:101)
	at org.springframework.security.web.FilterChainProxy$VirtualFilterChain.doFilter(FilterChainProxy.java:374)
	at org.springframework.web.filter.OncePerRequestFilter.doFilter(OncePerRequestFilter.java:101)
	at org.springframework.security.web.FilterChainProxy$VirtualFilterChain.doFilter(FilterChainProxy.java:374)
	at org.springframework.security.web.context.SecurityContextHolderFilter.doFilter(SecurityContextHolderFilter.java:82)
	at org.springframework.security.web.context.SecurityContextHolderFilter.doFilter(SecurityContextHolderFilter.java:69)
	at org.springframework.security.web.FilterChainProxy$VirtualFilterChain.doFilter(FilterChainProxy.java:374)
	at org.springframework.web.filter.OncePerRequestFilter.doFilter(OncePerRequestFilter.java:101)
	at org.springframework.security.web.FilterChainProxy$VirtualFilterChain.doFilter(FilterChainProxy.java:374)
	at org.springframework.web.filter.OncePerRequestFilter.doFilter(OncePerRequestFilter.java:101)
	at org.springframework.security.web.FilterChainProxy$VirtualFilterChain.doFilter(FilterChainProxy.java:374)
	at org.springframework.security.web.FilterChainProxy.doFilterInternal(FilterChainProxy.java:233)
	at org.springframework.security.web.FilterChainProxy.doFilter(FilterChainProxy.java:191)
	at org.springframework.web.filter.CompositeFilter$VirtualFilterChain.doFilter(CompositeFilter.java:113)
	at org.springframework.web.servlet.handler.HandlerMappingIntrospector.lambda$createCacheFilter$3(HandlerMappingIntrospector.java:195)
	at org.springframework.web.filter.CompositeFilter$VirtualFilterChain.doFilter(CompositeFilter.java:113)
	at org.springframework.web.filter.CompositeFilter.doFilter(CompositeFilter.java:74)
	at org.springframework.security.config.annotation.web.configuration.WebMvcSecurityConfiguration$CompositeFilterChainProxy.doFilter(WebMvcSecurityConfiguration.java:230)
	at org.springframework.web.filter.DelegatingFilterProxy.invokeDelegate(DelegatingFilterProxy.java:352)
	at org.springframework.web.filter.DelegatingFilterProxy.doFilter(DelegatingFilterProxy.java:268)
	at org.apache.catalina.core.ApplicationFilterChain.internalDoFilter(ApplicationFilterChain.java:164)
	at org.apache.catalina.core.ApplicationFilterChain.doFilter(ApplicationFilterChain.java:140)
	at org.springframework.web.filter.RequestContextFilter.doFilterInternal(RequestContextFilter.java:100)
	at org.springframework.web.filter.OncePerRequestFilter.doFilter(OncePerRequestFilter.java:116)
	at org.apache.catalina.core.ApplicationFilterChain.internalDoFilter(ApplicationFilterChain.java:164)
	at org.apache.catalina.core.ApplicationFilterChain.doFilter(ApplicationFilterChain.java:140)
	at org.springframework.web.filter.OncePerRequestFilter.doFilter(OncePerRequestFilter.java:101)
	at org.apache.catalina.core.ApplicationFilterChain.internalDoFilter(ApplicationFilterChain.java:164)
	at org.apache.catalina.core.ApplicationFilterChain.doFilter(ApplicationFilterChain.java:140)
	at org.springframework.web.filter.OncePerRequestFilter.doFilter(OncePerRequestFilter.java:101)
	at org.apache.catalina.core.ApplicationFilterChain.internalDoFilter(ApplicationFilterChain.java:164)
	at org.apache.catalina.core.ApplicationFilterChain.doFilter(ApplicationFilterChain.java:140)
	at org.apache.catalina.core.ApplicationDispatcher.invoke(ApplicationDispatcher.java:632)
	at org.apache.catalina.core.ApplicationDispatcher.processRequest(ApplicationDispatcher.java:410)
	at org.apache.catalina.core.ApplicationDispatcher.doForward(ApplicationDispatcher.java:330)
	at org.apache.catalina.core.ApplicationDispatcher.forward(ApplicationDispatcher.java:267)
	at org.apache.catalina.core.StandardHostValve.custom(StandardHostValve.java:362)
	at org.apache.catalina.core.StandardHostValve.status(StandardHostValve.java:222)
	at org.apache.catalina.core.StandardHostValve.invoke(StandardHostValve.java:151)
	at org.apache.catalina.valves.ErrorReportValve.invoke(ErrorReportValve.java:93)
	at org.apache.catalina.core.StandardEngineValve.invoke(StandardEngineValve.java:74)
	at org.apache.catalina.connector.CoyoteAdapter.service(CoyoteAdapter.java:344)
	at org.apache.coyote.http11.Http11Processor.service(Http11Processor.java:384)
	at org.apache.coyote.AbstractProcessorLight.process(AbstractProcessorLight.java:63)
	at org.apache.coyote.AbstractProtocol$ConnectionHandler.process(AbstractProtocol.java:904)
	at org.apache.tomcat.util.net.NioEndpoint$SocketProcessor.doRun(NioEndpoint.java:1741)
	at org.apache.tomcat.util.net.SocketProcessorBase.run(SocketProcessorBase.java:52)
	at org.apache.tomcat.util.threads.ThreadPoolExecutor.runWorker(ThreadPoolExecutor.java:1190)
	at org.apache.tomcat.util.threads.ThreadPoolExecutor$Worker.run(ThreadPoolExecutor.java:659)
	at org.apache.tomcat.util.threads.TaskThread$WrappingRunnable.run(TaskThread.java:63)
	at java.base/java.lang.Thread.run(Thread.java:1570)
Caused by: org.thymeleaf.exceptions.TemplateInputException: Error resolving template [error], template might not exist or might not be accessible by any of the configured Template Resolvers
	at org.thymeleaf.engine.TemplateManager.resolveTemplate(TemplateManager.java:869)
	at org.thymeleaf.engine.TemplateManager.parseAndProcess(TemplateManager.java:607)
	at org.thymeleaf.TemplateEngine.process(TemplateEngine.java:1103)
	at org.thymeleaf.TemplateEngine.process(TemplateEngine.java:1077)
	at org.thymeleaf.spring6.view.ThymeleafView.renderFragment(ThymeleafView.java:372)
	at org.thymeleaf.spring6.view.ThymeleafView.render(ThymeleafView.java:192)
	at org.springframework.web.servlet.DispatcherServlet.render(DispatcherServlet.java:1432)
	at org.springframework.web.servlet.DispatcherServlet.processDispatchResult(DispatcherServlet.java:1168)
	at org.springframework.web.servlet.DispatcherServlet.doDispatch(DispatcherServlet.java:1106)
	at org.springframework.web.servlet.DispatcherServlet.doService(DispatcherServlet.java:979)
	at org.springframework.web.servlet.FrameworkServlet.processRequest(FrameworkServlet.java:1014)
	... 77 common frames omitted
2024-10-30 16:13:44 - Closing JPA EntityManagerFactory for persistence unit 'default'
2024-10-30 16:13:44 - HikariPool-1 - Shutdown initiated...
2024-10-30 16:13:44 - HikariPool-1 - Shutdown completed.
2024-10-30 16:15:03 - Starting FitnessAppApplication using Java 22.0.2 with PID 3424 (C:\Users\milic\IdeaProjects\Fitness-App\target\classes started by milic in C:\Users\milic\IdeaProjects\Fitness-App)
2024-10-30 16:15:03 - No active profile set, falling back to 1 default profile: "default"
2024-10-30 16:15:04 - Bootstrapping Spring Data JPA repositories in DEFAULT mode.
2024-10-30 16:15:04 - Finished Spring Data repository scanning in 38 ms. Found 4 JPA repository interfaces.
2024-10-30 16:15:04 - Tomcat initialized with port 8080 (http)
2024-10-30 16:15:04 - Initializing ProtocolHandler ["http-nio-8080"]
2024-10-30 16:15:04 - Starting service [Tomcat]
2024-10-30 16:15:04 - Starting Servlet engine: [Apache Tomcat/10.1.28]
2024-10-30 16:15:04 - Initializing Spring embedded WebApplicationContext
2024-10-30 16:15:04 - Root WebApplicationContext: initialization completed in 972 ms
2024-10-30 16:15:04 - HikariPool-1 - Starting...
2024-10-30 16:15:05 - HikariPool-1 - Added connection conn0: url=jdbc:h2:mem:testdb user=SA
2024-10-30 16:15:05 - HikariPool-1 - Start completed.
2024-10-30 16:15:05 - H2 console available at '/h2-console'. Database available at 'jdbc:h2:mem:testdb'
2024-10-30 16:15:05 - HHH000204: Processing PersistenceUnitInfo [name: default]
2024-10-30 16:15:05 - HHH000412: Hibernate ORM core version 6.5.2.Final
2024-10-30 16:15:05 - HHH000026: Second-level cache disabled
2024-10-30 16:15:05 - No LoadTimeWeaver setup: ignoring JPA class transformer
2024-10-30 16:15:06 - HHH000489: No JTA platform available (set 'hibernate.transaction.jta.platform' to enable JTA platform integration)
2024-10-30 16:15:06 - Initialized JPA EntityManagerFactory for persistence unit 'default'
2024-10-30 16:15:06 - spring.jpa.open-in-view is enabled by default. Therefore, database queries may be performed during view rendering. Explicitly configure spring.jpa.open-in-view to disable this warning
2024-10-30 16:15:06 - Global AuthenticationManager configured with UserDetailsService bean with name userDetailsService
2024-10-30 16:15:07 - Starting ProtocolHandler ["http-nio-8080"]
2024-10-30 16:15:07 - Tomcat started on port 8080 (http) with context path '/'
2024-10-30 16:15:07 - Started FitnessAppApplication in 3.808 seconds (process running for 4.294)
2024-10-30 16:15:09 - Initializing Spring DispatcherServlet 'dispatcherServlet'
2024-10-30 16:15:09 - Initializing Servlet 'dispatcherServlet'
2024-10-30 16:15:09 - Completed initialization in 0 ms
2024-10-30 16:34:08 - HikariPool-1 - Thread starvation or clock leap detected (housekeeper delta=10m3s369ms911µs300ns).
2024-10-30 16:37:54 - Closing JPA EntityManagerFactory for persistence unit 'default'
2024-10-30 16:37:54 - HikariPool-1 - Shutdown initiated...
2024-10-30 16:37:54 - HikariPool-1 - Shutdown completed.
2024-10-30 16:38:31 - Starting FitnessAppApplication using Java 22.0.2 with PID 7816 (C:\Users\milic\IdeaProjects\Fitness-App\target\classes started by milic in C:\Users\milic\IdeaProjects\Fitness-App)
2024-10-30 16:38:31 - No active profile set, falling back to 1 default profile: "default"
2024-10-30 16:38:31 - Bootstrapping Spring Data JPA repositories in DEFAULT mode.
2024-10-30 16:38:31 - Finished Spring Data repository scanning in 51 ms. Found 4 JPA repository interfaces.
2024-10-30 16:38:32 - Tomcat initialized with port 8080 (http)
2024-10-30 16:38:32 - Initializing ProtocolHandler ["http-nio-8080"]
2024-10-30 16:38:32 - Starting service [Tomcat]
2024-10-30 16:38:32 - Starting Servlet engine: [Apache Tomcat/10.1.28]
2024-10-30 16:38:32 - Initializing Spring embedded WebApplicationContext
2024-10-30 16:38:32 - Root WebApplicationContext: initialization completed in 1312 ms
2024-10-30 16:38:32 - HikariPool-1 - Starting...
2024-10-30 16:38:32 - HikariPool-1 - Added connection conn0: url=jdbc:h2:mem:testdb user=SA
2024-10-30 16:38:32 - HikariPool-1 - Start completed.
2024-10-30 16:38:32 - H2 console available at '/h2-console'. Database available at 'jdbc:h2:mem:testdb'
2024-10-30 16:38:32 - HHH000204: Processing PersistenceUnitInfo [name: default]
2024-10-30 16:38:32 - HHH000412: Hibernate ORM core version 6.5.2.Final
2024-10-30 16:38:32 - HHH000026: Second-level cache disabled
2024-10-30 16:38:33 - No LoadTimeWeaver setup: ignoring JPA class transformer
2024-10-30 16:38:34 - HHH000489: No JTA platform available (set 'hibernate.transaction.jta.platform' to enable JTA platform integration)
2024-10-30 16:38:34 - Initialized JPA EntityManagerFactory for persistence unit 'default'
2024-10-30 16:38:34 - spring.jpa.open-in-view is enabled by default. Therefore, database queries may be performed during view rendering. Explicitly configure spring.jpa.open-in-view to disable this warning
2024-10-30 16:38:34 - Exception encountered during context initialization - cancelling refresh attempt: org.springframework.beans.factory.UnsatisfiedDependencyException: Error creating bean with name 'securityFilterChain' defined in class path resource [com/project/fitnessapp/config/SecurityConfig.class]: Unsatisfied dependency expressed through method 'securityFilterChain' parameter 0: Error creating bean with name 'org.springframework.security.config.annotation.web.configuration.HttpSecurityConfiguration.httpSecurity' defined in class path resource [org/springframework/security/config/annotation/web/configuration/HttpSecurityConfiguration.class]: Failed to instantiate [org.springframework.security.config.annotation.web.builders.HttpSecurity]: Factory method 'httpSecurity' threw exception with message: Error creating bean with name 'userDetailsService' defined in class path resource [com/project/fitnessapp/config/SecurityConfig.class]: Failed to instantiate [org.springframework.security.core.userdetails.UserDetailsService]: Factory method 'userDetailsService' threw exception with message: ROLE_INSTRUCTOR cannot start with ROLE_ (it is automatically added)
2024-10-30 16:38:34 - Closing JPA EntityManagerFactory for persistence unit 'default'
2024-10-30 16:38:34 - HikariPool-1 - Shutdown initiated...
2024-10-30 16:38:34 - HikariPool-1 - Shutdown completed.
2024-10-30 16:38:34 - Stopping service [Tomcat]
2024-10-30 16:38:34 - 

Error starting ApplicationContext. To display the condition evaluation report re-run your application with 'debug' enabled.
2024-10-30 16:38:34 - Application run failed
org.springframework.beans.factory.UnsatisfiedDependencyException: Error creating bean with name 'securityFilterChain' defined in class path resource [com/project/fitnessapp/config/SecurityConfig.class]: Unsatisfied dependency expressed through method 'securityFilterChain' parameter 0: Error creating bean with name 'org.springframework.security.config.annotation.web.configuration.HttpSecurityConfiguration.httpSecurity' defined in class path resource [org/springframework/security/config/annotation/web/configuration/HttpSecurityConfiguration.class]: Failed to instantiate [org.springframework.security.config.annotation.web.builders.HttpSecurity]: Factory method 'httpSecurity' threw exception with message: Error creating bean with name 'userDetailsService' defined in class path resource [com/project/fitnessapp/config/SecurityConfig.class]: Failed to instantiate [org.springframework.security.core.userdetails.UserDetailsService]: Factory method 'userDetailsService' threw exception with message: ROLE_INSTRUCTOR cannot start with ROLE_ (it is automatically added)
	at org.springframework.beans.factory.support.ConstructorResolver.createArgumentArray(ConstructorResolver.java:795)
	at org.springframework.beans.factory.support.ConstructorResolver.instantiateUsingFactoryMethod(ConstructorResolver.java:542)
	at org.springframework.beans.factory.support.AbstractAutowireCapableBeanFactory.instantiateUsingFactoryMethod(AbstractAutowireCapableBeanFactory.java:1355)
	at org.springframework.beans.factory.support.AbstractAutowireCapableBeanFactory.createBeanInstance(AbstractAutowireCapableBeanFactory.java:1185)
	at org.springframework.beans.factory.support.AbstractAutowireCapableBeanFactory.doCreateBean(AbstractAutowireCapableBeanFactory.java:562)
	at org.springframework.beans.factory.support.AbstractAutowireCapableBeanFactory.createBean(AbstractAutowireCapableBeanFactory.java:522)
	at org.springframework.beans.factory.support.AbstractBeanFactory.lambda$doGetBean$0(AbstractBeanFactory.java:337)
	at org.springframework.beans.factory.support.DefaultSingletonBeanRegistry.getSingleton(DefaultSingletonBeanRegistry.java:234)
	at org.springframework.beans.factory.support.AbstractBeanFactory.doGetBean(AbstractBeanFactory.java:335)
	at org.springframework.beans.factory.support.AbstractBeanFactory.getBean(AbstractBeanFactory.java:200)
	at org.springframework.beans.factory.support.DefaultListableBeanFactory.preInstantiateSingletons(DefaultListableBeanFactory.java:975)
	at org.springframework.context.support.AbstractApplicationContext.finishBeanFactoryInitialization(AbstractApplicationContext.java:971)
	at org.springframework.context.support.AbstractApplicationContext.refresh(AbstractApplicationContext.java:625)
	at org.springframework.boot.web.servlet.context.ServletWebServerApplicationContext.refresh(ServletWebServerApplicationContext.java:146)
	at org.springframework.boot.SpringApplication.refresh(SpringApplication.java:754)
	at org.springframework.boot.SpringApplication.refreshContext(SpringApplication.java:456)
	at org.springframework.boot.SpringApplication.run(SpringApplication.java:335)
	at org.springframework.boot.SpringApplication.run(SpringApplication.java:1363)
	at org.springframework.boot.SpringApplication.run(SpringApplication.java:1352)
	at com.project.fitnessapp.FitnessAppApplication.main(FitnessAppApplication.java:10)
Caused by: org.springframework.beans.factory.BeanCreationException: Error creating bean with name 'org.springframework.security.config.annotation.web.configuration.HttpSecurityConfiguration.httpSecurity' defined in class path resource [org/springframework/security/config/annotation/web/configuration/HttpSecurityConfiguration.class]: Failed to instantiate [org.springframework.security.config.annotation.web.builders.HttpSecurity]: Factory method 'httpSecurity' threw exception with message: Error creating bean with name 'userDetailsService' defined in class path resource [com/project/fitnessapp/config/SecurityConfig.class]: Failed to instantiate [org.springframework.security.core.userdetails.UserDetailsService]: Factory method 'userDetailsService' threw exception with message: ROLE_INSTRUCTOR cannot start with ROLE_ (it is automatically added)
	at org.springframework.beans.factory.support.ConstructorResolver.instantiate(ConstructorResolver.java:648)
	at org.springframework.beans.factory.support.ConstructorResolver.instantiateUsingFactoryMethod(ConstructorResolver.java:485)
	at org.springframework.beans.factory.support.AbstractAutowireCapableBeanFactory.instantiateUsingFactoryMethod(AbstractAutowireCapableBeanFactory.java:1355)
	at org.springframework.beans.factory.support.AbstractAutowireCapableBeanFactory.createBeanInstance(AbstractAutowireCapableBeanFactory.java:1185)
	at org.springframework.beans.factory.support.AbstractAutowireCapableBeanFactory.doCreateBean(AbstractAutowireCapableBeanFactory.java:562)
	at org.springframework.beans.factory.support.AbstractAutowireCapableBeanFactory.createBean(AbstractAutowireCapableBeanFactory.java:522)
	at org.springframework.beans.factory.support.AbstractBeanFactory.doGetBean(AbstractBeanFactory.java:355)
	at org.springframework.beans.factory.support.AbstractBeanFactory.getBean(AbstractBeanFactory.java:200)
	at org.springframework.beans.factory.config.DependencyDescriptor.resolveCandidate(DependencyDescriptor.java:254)
	at org.springframework.beans.factory.support.DefaultListableBeanFactory.doResolveDependency(DefaultListableBeanFactory.java:1443)
	at org.springframework.beans.factory.support.DefaultListableBeanFactory.resolveDependency(DefaultListableBeanFactory.java:1353)
	at org.springframework.beans.factory.support.ConstructorResolver.resolveAutowiredArgument(ConstructorResolver.java:904)
	at org.springframework.beans.factory.support.ConstructorResolver.createArgumentArray(ConstructorResolver.java:782)
	... 19 common frames omitted
Caused by: org.springframework.beans.BeanInstantiationException: Failed to instantiate [org.springframework.security.config.annotation.web.builders.HttpSecurity]: Factory method 'httpSecurity' threw exception with message: Error creating bean with name 'userDetailsService' defined in class path resource [com/project/fitnessapp/config/SecurityConfig.class]: Failed to instantiate [org.springframework.security.core.userdetails.UserDetailsService]: Factory method 'userDetailsService' threw exception with message: ROLE_INSTRUCTOR cannot start with ROLE_ (it is automatically added)
	at org.springframework.beans.factory.support.SimpleInstantiationStrategy.instantiate(SimpleInstantiationStrategy.java:178)
	at org.springframework.beans.factory.support.ConstructorResolver.instantiate(ConstructorResolver.java:644)
	... 31 common frames omitted
Caused by: org.springframework.beans.factory.BeanCreationException: Error creating bean with name 'userDetailsService' defined in class path resource [com/project/fitnessapp/config/SecurityConfig.class]: Failed to instantiate [org.springframework.security.core.userdetails.UserDetailsService]: Factory method 'userDetailsService' threw exception with message: ROLE_INSTRUCTOR cannot start with ROLE_ (it is automatically added)
	at org.springframework.beans.factory.support.ConstructorResolver.instantiate(ConstructorResolver.java:648)
	at org.springframework.beans.factory.support.ConstructorResolver.instantiateUsingFactoryMethod(ConstructorResolver.java:636)
	at org.springframework.beans.factory.support.AbstractAutowireCapableBeanFactory.instantiateUsingFactoryMethod(AbstractAutowireCapableBeanFactory.java:1355)
	at org.springframework.beans.factory.support.AbstractAutowireCapableBeanFactory.createBeanInstance(AbstractAutowireCapableBeanFactory.java:1185)
	at org.springframework.beans.factory.support.AbstractAutowireCapableBeanFactory.doCreateBean(AbstractAutowireCapableBeanFactory.java:562)
	at org.springframework.beans.factory.support.AbstractAutowireCapableBeanFactory.createBean(AbstractAutowireCapableBeanFactory.java:522)
	at org.springframework.beans.factory.support.AbstractBeanFactory.lambda$doGetBean$0(AbstractBeanFactory.java:337)
	at org.springframework.beans.factory.support.DefaultSingletonBeanRegistry.getSingleton(DefaultSingletonBeanRegistry.java:234)
	at org.springframework.beans.factory.support.AbstractBeanFactory.doGetBean(AbstractBeanFactory.java:335)
	at org.springframework.beans.factory.support.AbstractBeanFactory.getBean(AbstractBeanFactory.java:205)
	at org.springframework.context.support.AbstractApplicationContext.getBean(AbstractApplicationContext.java:1249)
	at org.springframework.security.config.annotation.authentication.configuration.InitializeUserDetailsBeanManagerConfigurer$InitializeUserDetailsManagerConfigurer.getBeansWithName(InitializeUserDetailsBeanManagerConfigurer.java:138)
	at org.springframework.security.config.annotation.authentication.configuration.InitializeUserDetailsBeanManagerConfigurer$InitializeUserDetailsManagerConfigurer.configure(InitializeUserDetailsBeanManagerConfigurer.java:69)
	at org.springframework.security.config.annotation.authentication.configuration.InitializeUserDetailsBeanManagerConfigurer$InitializeUserDetailsManagerConfigurer.configure(InitializeUserDetailsBeanManagerConfigurer.java:63)
	at org.springframework.security.config.annotation.AbstractConfiguredSecurityBuilder.configure(AbstractConfiguredSecurityBuilder.java:376)
	at org.springframework.security.config.annotation.AbstractConfiguredSecurityBuilder.doBuild(AbstractConfiguredSecurityBuilder.java:330)
	at org.springframework.security.config.annotation.AbstractSecurityBuilder.build(AbstractSecurityBuilder.java:38)
	at org.springframework.security.config.annotation.authentication.configuration.AuthenticationConfiguration.getAuthenticationManager(AuthenticationConfiguration.java:121)
	at org.springframework.security.config.annotation.web.configuration.HttpSecurityConfiguration.authenticationManager(HttpSecurityConfiguration.java:141)
	at org.springframework.security.config.annotation.web.configuration.HttpSecurityConfiguration.httpSecurity(HttpSecurityConfiguration.java:110)
	at java.base/jdk.internal.reflect.DirectMethodHandleAccessor.invoke(DirectMethodHandleAccessor.java:103)
	at java.base/java.lang.reflect.Method.invoke(Method.java:580)
	at org.springframework.beans.factory.support.SimpleInstantiationStrategy.instantiate(SimpleInstantiationStrategy.java:146)
	... 32 common frames omitted
Caused by: org.springframework.beans.BeanInstantiationException: Failed to instantiate [org.springframework.security.core.userdetails.UserDetailsService]: Factory method 'userDetailsService' threw exception with message: ROLE_INSTRUCTOR cannot start with ROLE_ (it is automatically added)
	at org.springframework.beans.factory.support.SimpleInstantiationStrategy.instantiate(SimpleInstantiationStrategy.java:178)
	at org.springframework.beans.factory.support.ConstructorResolver.instantiate(ConstructorResolver.java:644)
	... 54 common frames omitted
Caused by: java.lang.IllegalArgumentException: ROLE_INSTRUCTOR cannot start with ROLE_ (it is automatically added)
	at org.springframework.util.Assert.isTrue(Assert.java:129)
	at org.springframework.security.core.userdetails.User$UserBuilder.roles(User.java:414)
	at com.project.fitnessapp.config.SecurityConfig.userDetailsService(SecurityConfig.java:78)
	at com.project.fitnessapp.config.SecurityConfig$$SpringCGLIB$$0.CGLIB$userDetailsService$1(<generated>)
	at com.project.fitnessapp.config.SecurityConfig$$SpringCGLIB$$FastClass$$1.invoke(<generated>)
	at org.springframework.cglib.proxy.MethodProxy.invokeSuper(MethodProxy.java:258)
	at org.springframework.context.annotation.ConfigurationClassEnhancer$BeanMethodInterceptor.intercept(ConfigurationClassEnhancer.java:348)
	at com.project.fitnessapp.config.SecurityConfig$$SpringCGLIB$$0.userDetailsService(<generated>)
	at java.base/jdk.internal.reflect.DirectMethodHandleAccessor.invoke(DirectMethodHandleAccessor.java:103)
	at java.base/java.lang.reflect.Method.invoke(Method.java:580)
	at org.springframework.beans.factory.support.SimpleInstantiationStrategy.instantiate(SimpleInstantiationStrategy.java:146)
	... 55 common frames omitted
2024-10-30 16:42:14 - Starting FitnessAppApplication using Java 22.0.2 with PID 2548 (C:\Users\milic\IdeaProjects\Fitness-App\target\classes started by milic in C:\Users\milic\IdeaProjects\Fitness-App)
2024-10-30 16:42:14 - No active profile set, falling back to 1 default profile: "default"
2024-10-30 16:42:15 - Bootstrapping Spring Data JPA repositories in DEFAULT mode.
2024-10-30 16:42:15 - Finished Spring Data repository scanning in 39 ms. Found 4 JPA repository interfaces.
2024-10-30 16:42:15 - Tomcat initialized with port 8080 (http)
2024-10-30 16:42:15 - Initializing ProtocolHandler ["http-nio-8080"]
2024-10-30 16:42:15 - Starting service [Tomcat]
2024-10-30 16:42:15 - Starting Servlet engine: [Apache Tomcat/10.1.28]
2024-10-30 16:42:15 - Initializing Spring embedded WebApplicationContext
2024-10-30 16:42:15 - Root WebApplicationContext: initialization completed in 931 ms
2024-10-30 16:42:15 - HikariPool-1 - Starting...
2024-10-30 16:42:15 - HikariPool-1 - Added connection conn0: url=jdbc:h2:mem:testdb user=SA
2024-10-30 16:42:15 - HikariPool-1 - Start completed.
2024-10-30 16:42:15 - H2 console available at '/h2-console'. Database available at 'jdbc:h2:mem:testdb'
2024-10-30 16:42:15 - HHH000204: Processing PersistenceUnitInfo [name: default]
2024-10-30 16:42:16 - HHH000412: Hibernate ORM core version 6.5.2.Final
2024-10-30 16:42:16 - HHH000026: Second-level cache disabled
2024-10-30 16:42:16 - No LoadTimeWeaver setup: ignoring JPA class transformer
2024-10-30 16:42:16 - HHH000489: No JTA platform available (set 'hibernate.transaction.jta.platform' to enable JTA platform integration)
2024-10-30 16:42:16 - Initialized JPA EntityManagerFactory for persistence unit 'default'
2024-10-30 16:42:17 - spring.jpa.open-in-view is enabled by default. Therefore, database queries may be performed during view rendering. Explicitly configure spring.jpa.open-in-view to disable this warning
2024-10-30 16:42:17 - Exception encountered during context initialization - cancelling refresh attempt: org.springframework.beans.factory.UnsatisfiedDependencyException: Error creating bean with name 'securityFilterChain' defined in class path resource [com/project/fitnessapp/config/SecurityConfig.class]: Unsatisfied dependency expressed through method 'securityFilterChain' parameter 0: Error creating bean with name 'org.springframework.security.config.annotation.web.configuration.HttpSecurityConfiguration.httpSecurity' defined in class path resource [org/springframework/security/config/annotation/web/configuration/HttpSecurityConfiguration.class]: Failed to instantiate [org.springframework.security.config.annotation.web.builders.HttpSecurity]: Factory method 'httpSecurity' threw exception with message: Error creating bean with name 'userDetailsService' defined in class path resource [com/project/fitnessapp/config/SecurityConfig.class]: Failed to instantiate [org.springframework.security.core.userdetails.UserDetailsService]: Factory method 'userDetailsService' threw exception with message: ROLE_INSTRUCTOR cannot start with ROLE_ (it is automatically added)
2024-10-30 16:42:17 - Closing JPA EntityManagerFactory for persistence unit 'default'
2024-10-30 16:42:17 - HikariPool-1 - Shutdown initiated...
2024-10-30 16:42:17 - HikariPool-1 - Shutdown completed.
2024-10-30 16:42:17 - Stopping service [Tomcat]
2024-10-30 16:42:17 - 

Error starting ApplicationContext. To display the condition evaluation report re-run your application with 'debug' enabled.
2024-10-30 16:42:17 - Application run failed
org.springframework.beans.factory.UnsatisfiedDependencyException: Error creating bean with name 'securityFilterChain' defined in class path resource [com/project/fitnessapp/config/SecurityConfig.class]: Unsatisfied dependency expressed through method 'securityFilterChain' parameter 0: Error creating bean with name 'org.springframework.security.config.annotation.web.configuration.HttpSecurityConfiguration.httpSecurity' defined in class path resource [org/springframework/security/config/annotation/web/configuration/HttpSecurityConfiguration.class]: Failed to instantiate [org.springframework.security.config.annotation.web.builders.HttpSecurity]: Factory method 'httpSecurity' threw exception with message: Error creating bean with name 'userDetailsService' defined in class path resource [com/project/fitnessapp/config/SecurityConfig.class]: Failed to instantiate [org.springframework.security.core.userdetails.UserDetailsService]: Factory method 'userDetailsService' threw exception with message: ROLE_INSTRUCTOR cannot start with ROLE_ (it is automatically added)
	at org.springframework.beans.factory.support.ConstructorResolver.createArgumentArray(ConstructorResolver.java:795)
	at org.springframework.beans.factory.support.ConstructorResolver.instantiateUsingFactoryMethod(ConstructorResolver.java:542)
	at org.springframework.beans.factory.support.AbstractAutowireCapableBeanFactory.instantiateUsingFactoryMethod(AbstractAutowireCapableBeanFactory.java:1355)
	at org.springframework.beans.factory.support.AbstractAutowireCapableBeanFactory.createBeanInstance(AbstractAutowireCapableBeanFactory.java:1185)
	at org.springframework.beans.factory.support.AbstractAutowireCapableBeanFactory.doCreateBean(AbstractAutowireCapableBeanFactory.java:562)
	at org.springframework.beans.factory.support.AbstractAutowireCapableBeanFactory.createBean(AbstractAutowireCapableBeanFactory.java:522)
	at org.springframework.beans.factory.support.AbstractBeanFactory.lambda$doGetBean$0(AbstractBeanFactory.java:337)
	at org.springframework.beans.factory.support.DefaultSingletonBeanRegistry.getSingleton(DefaultSingletonBeanRegistry.java:234)
	at org.springframework.beans.factory.support.AbstractBeanFactory.doGetBean(AbstractBeanFactory.java:335)
	at org.springframework.beans.factory.support.AbstractBeanFactory.getBean(AbstractBeanFactory.java:200)
	at org.springframework.beans.factory.support.DefaultListableBeanFactory.preInstantiateSingletons(DefaultListableBeanFactory.java:975)
	at org.springframework.context.support.AbstractApplicationContext.finishBeanFactoryInitialization(AbstractApplicationContext.java:971)
	at org.springframework.context.support.AbstractApplicationContext.refresh(AbstractApplicationContext.java:625)
	at org.springframework.boot.web.servlet.context.ServletWebServerApplicationContext.refresh(ServletWebServerApplicationContext.java:146)
	at org.springframework.boot.SpringApplication.refresh(SpringApplication.java:754)
	at org.springframework.boot.SpringApplication.refreshContext(SpringApplication.java:456)
	at org.springframework.boot.SpringApplication.run(SpringApplication.java:335)
	at org.springframework.boot.SpringApplication.run(SpringApplication.java:1363)
	at org.springframework.boot.SpringApplication.run(SpringApplication.java:1352)
	at com.project.fitnessapp.FitnessAppApplication.main(FitnessAppApplication.java:10)
Caused by: org.springframework.beans.factory.BeanCreationException: Error creating bean with name 'org.springframework.security.config.annotation.web.configuration.HttpSecurityConfiguration.httpSecurity' defined in class path resource [org/springframework/security/config/annotation/web/configuration/HttpSecurityConfiguration.class]: Failed to instantiate [org.springframework.security.config.annotation.web.builders.HttpSecurity]: Factory method 'httpSecurity' threw exception with message: Error creating bean with name 'userDetailsService' defined in class path resource [com/project/fitnessapp/config/SecurityConfig.class]: Failed to instantiate [org.springframework.security.core.userdetails.UserDetailsService]: Factory method 'userDetailsService' threw exception with message: ROLE_INSTRUCTOR cannot start with ROLE_ (it is automatically added)
	at org.springframework.beans.factory.support.ConstructorResolver.instantiate(ConstructorResolver.java:648)
	at org.springframework.beans.factory.support.ConstructorResolver.instantiateUsingFactoryMethod(ConstructorResolver.java:485)
	at org.springframework.beans.factory.support.AbstractAutowireCapableBeanFactory.instantiateUsingFactoryMethod(AbstractAutowireCapableBeanFactory.java:1355)
	at org.springframework.beans.factory.support.AbstractAutowireCapableBeanFactory.createBeanInstance(AbstractAutowireCapableBeanFactory.java:1185)
	at org.springframework.beans.factory.support.AbstractAutowireCapableBeanFactory.doCreateBean(AbstractAutowireCapableBeanFactory.java:562)
	at org.springframework.beans.factory.support.AbstractAutowireCapableBeanFactory.createBean(AbstractAutowireCapableBeanFactory.java:522)
	at org.springframework.beans.factory.support.AbstractBeanFactory.doGetBean(AbstractBeanFactory.java:355)
	at org.springframework.beans.factory.support.AbstractBeanFactory.getBean(AbstractBeanFactory.java:200)
	at org.springframework.beans.factory.config.DependencyDescriptor.resolveCandidate(DependencyDescriptor.java:254)
	at org.springframework.beans.factory.support.DefaultListableBeanFactory.doResolveDependency(DefaultListableBeanFactory.java:1443)
	at org.springframework.beans.factory.support.DefaultListableBeanFactory.resolveDependency(DefaultListableBeanFactory.java:1353)
	at org.springframework.beans.factory.support.ConstructorResolver.resolveAutowiredArgument(ConstructorResolver.java:904)
	at org.springframework.beans.factory.support.ConstructorResolver.createArgumentArray(ConstructorResolver.java:782)
	... 19 common frames omitted
Caused by: org.springframework.beans.BeanInstantiationException: Failed to instantiate [org.springframework.security.config.annotation.web.builders.HttpSecurity]: Factory method 'httpSecurity' threw exception with message: Error creating bean with name 'userDetailsService' defined in class path resource [com/project/fitnessapp/config/SecurityConfig.class]: Failed to instantiate [org.springframework.security.core.userdetails.UserDetailsService]: Factory method 'userDetailsService' threw exception with message: ROLE_INSTRUCTOR cannot start with ROLE_ (it is automatically added)
	at org.springframework.beans.factory.support.SimpleInstantiationStrategy.instantiate(SimpleInstantiationStrategy.java:178)
	at org.springframework.beans.factory.support.ConstructorResolver.instantiate(ConstructorResolver.java:644)
	... 31 common frames omitted
Caused by: org.springframework.beans.factory.BeanCreationException: Error creating bean with name 'userDetailsService' defined in class path resource [com/project/fitnessapp/config/SecurityConfig.class]: Failed to instantiate [org.springframework.security.core.userdetails.UserDetailsService]: Factory method 'userDetailsService' threw exception with message: ROLE_INSTRUCTOR cannot start with ROLE_ (it is automatically added)
	at org.springframework.beans.factory.support.ConstructorResolver.instantiate(ConstructorResolver.java:648)
	at org.springframework.beans.factory.support.ConstructorResolver.instantiateUsingFactoryMethod(ConstructorResolver.java:636)
	at org.springframework.beans.factory.support.AbstractAutowireCapableBeanFactory.instantiateUsingFactoryMethod(AbstractAutowireCapableBeanFactory.java:1355)
	at org.springframework.beans.factory.support.AbstractAutowireCapableBeanFactory.createBeanInstance(AbstractAutowireCapableBeanFactory.java:1185)
	at org.springframework.beans.factory.support.AbstractAutowireCapableBeanFactory.doCreateBean(AbstractAutowireCapableBeanFactory.java:562)
	at org.springframework.beans.factory.support.AbstractAutowireCapableBeanFactory.createBean(AbstractAutowireCapableBeanFactory.java:522)
	at org.springframework.beans.factory.support.AbstractBeanFactory.lambda$doGetBean$0(AbstractBeanFactory.java:337)
	at org.springframework.beans.factory.support.DefaultSingletonBeanRegistry.getSingleton(DefaultSingletonBeanRegistry.java:234)
	at org.springframework.beans.factory.support.AbstractBeanFactory.doGetBean(AbstractBeanFactory.java:335)
	at org.springframework.beans.factory.support.AbstractBeanFactory.getBean(AbstractBeanFactory.java:205)
	at org.springframework.context.support.AbstractApplicationContext.getBean(AbstractApplicationContext.java:1249)
	at org.springframework.security.config.annotation.authentication.configuration.InitializeUserDetailsBeanManagerConfigurer$InitializeUserDetailsManagerConfigurer.getBeansWithName(InitializeUserDetailsBeanManagerConfigurer.java:138)
	at org.springframework.security.config.annotation.authentication.configuration.InitializeUserDetailsBeanManagerConfigurer$InitializeUserDetailsManagerConfigurer.configure(InitializeUserDetailsBeanManagerConfigurer.java:69)
	at org.springframework.security.config.annotation.authentication.configuration.InitializeUserDetailsBeanManagerConfigurer$InitializeUserDetailsManagerConfigurer.configure(InitializeUserDetailsBeanManagerConfigurer.java:63)
	at org.springframework.security.config.annotation.AbstractConfiguredSecurityBuilder.configure(AbstractConfiguredSecurityBuilder.java:376)
	at org.springframework.security.config.annotation.AbstractConfiguredSecurityBuilder.doBuild(AbstractConfiguredSecurityBuilder.java:330)
	at org.springframework.security.config.annotation.AbstractSecurityBuilder.build(AbstractSecurityBuilder.java:38)
	at org.springframework.security.config.annotation.authentication.configuration.AuthenticationConfiguration.getAuthenticationManager(AuthenticationConfiguration.java:121)
	at org.springframework.security.config.annotation.web.configuration.HttpSecurityConfiguration.authenticationManager(HttpSecurityConfiguration.java:141)
	at org.springframework.security.config.annotation.web.configuration.HttpSecurityConfiguration.httpSecurity(HttpSecurityConfiguration.java:110)
	at java.base/jdk.internal.reflect.DirectMethodHandleAccessor.invoke(DirectMethodHandleAccessor.java:103)
	at java.base/java.lang.reflect.Method.invoke(Method.java:580)
	at org.springframework.beans.factory.support.SimpleInstantiationStrategy.instantiate(SimpleInstantiationStrategy.java:146)
	... 32 common frames omitted
Caused by: org.springframework.beans.BeanInstantiationException: Failed to instantiate [org.springframework.security.core.userdetails.UserDetailsService]: Factory method 'userDetailsService' threw exception with message: ROLE_INSTRUCTOR cannot start with ROLE_ (it is automatically added)
	at org.springframework.beans.factory.support.SimpleInstantiationStrategy.instantiate(SimpleInstantiationStrategy.java:178)
	at org.springframework.beans.factory.support.ConstructorResolver.instantiate(ConstructorResolver.java:644)
	... 54 common frames omitted
Caused by: java.lang.IllegalArgumentException: ROLE_INSTRUCTOR cannot start with ROLE_ (it is automatically added)
	at org.springframework.util.Assert.isTrue(Assert.java:129)
	at org.springframework.security.core.userdetails.User$UserBuilder.roles(User.java:414)
	at com.project.fitnessapp.config.SecurityConfig.userDetailsService(SecurityConfig.java:78)
	at com.project.fitnessapp.config.SecurityConfig$$SpringCGLIB$$0.CGLIB$userDetailsService$2(<generated>)
	at com.project.fitnessapp.config.SecurityConfig$$SpringCGLIB$$FastClass$$1.invoke(<generated>)
	at org.springframework.cglib.proxy.MethodProxy.invokeSuper(MethodProxy.java:258)
	at org.springframework.context.annotation.ConfigurationClassEnhancer$BeanMethodInterceptor.intercept(ConfigurationClassEnhancer.java:348)
	at com.project.fitnessapp.config.SecurityConfig$$SpringCGLIB$$0.userDetailsService(<generated>)
	at java.base/jdk.internal.reflect.DirectMethodHandleAccessor.invoke(DirectMethodHandleAccessor.java:103)
	at java.base/java.lang.reflect.Method.invoke(Method.java:580)
	at org.springframework.beans.factory.support.SimpleInstantiationStrategy.instantiate(SimpleInstantiationStrategy.java:146)
	... 55 common frames omitted
2024-10-30 16:42:52 - Starting FitnessAppApplication using Java 22.0.2 with PID 16284 (C:\Users\milic\IdeaProjects\Fitness-App\target\classes started by milic in C:\Users\milic\IdeaProjects\Fitness-App)
2024-10-30 16:42:52 - No active profile set, falling back to 1 default profile: "default"
2024-10-30 16:42:52 - Bootstrapping Spring Data JPA repositories in DEFAULT mode.
2024-10-30 16:42:52 - Finished Spring Data repository scanning in 37 ms. Found 4 JPA repository interfaces.
2024-10-30 16:42:53 - Tomcat initialized with port 8080 (http)
2024-10-30 16:42:53 - Initializing ProtocolHandler ["http-nio-8080"]
2024-10-30 16:42:53 - Starting service [Tomcat]
2024-10-30 16:42:53 - Starting Servlet engine: [Apache Tomcat/10.1.28]
2024-10-30 16:42:53 - Initializing Spring embedded WebApplicationContext
2024-10-30 16:42:53 - Root WebApplicationContext: initialization completed in 990 ms
2024-10-30 16:42:53 - HikariPool-1 - Starting...
2024-10-30 16:42:53 - HikariPool-1 - Added connection conn0: url=jdbc:h2:mem:testdb user=SA
2024-10-30 16:42:53 - HikariPool-1 - Start completed.
2024-10-30 16:42:53 - H2 console available at '/h2-console'. Database available at 'jdbc:h2:mem:testdb'
2024-10-30 16:42:53 - HHH000204: Processing PersistenceUnitInfo [name: default]
2024-10-30 16:42:53 - HHH000412: Hibernate ORM core version 6.5.2.Final
2024-10-30 16:42:53 - HHH000026: Second-level cache disabled
2024-10-30 16:42:53 - No LoadTimeWeaver setup: ignoring JPA class transformer
2024-10-30 16:42:54 - HHH000489: No JTA platform available (set 'hibernate.transaction.jta.platform' to enable JTA platform integration)
2024-10-30 16:42:54 - Initialized JPA EntityManagerFactory for persistence unit 'default'
2024-10-30 16:42:54 - spring.jpa.open-in-view is enabled by default. Therefore, database queries may be performed during view rendering. Explicitly configure spring.jpa.open-in-view to disable this warning
2024-10-30 16:42:54 - Exception encountered during context initialization - cancelling refresh attempt: org.springframework.beans.factory.UnsatisfiedDependencyException: Error creating bean with name 'securityFilterChain' defined in class path resource [com/project/fitnessapp/config/SecurityConfig.class]: Unsatisfied dependency expressed through method 'securityFilterChain' parameter 0: Error creating bean with name 'org.springframework.security.config.annotation.web.configuration.HttpSecurityConfiguration.httpSecurity' defined in class path resource [org/springframework/security/config/annotation/web/configuration/HttpSecurityConfiguration.class]: Failed to instantiate [org.springframework.security.config.annotation.web.builders.HttpSecurity]: Factory method 'httpSecurity' threw exception with message: Error creating bean with name 'userDetailsService' defined in class path resource [com/project/fitnessapp/config/SecurityConfig.class]: Failed to instantiate [org.springframework.security.core.userdetails.UserDetailsService]: Factory method 'userDetailsService' threw exception with message: ROLE_INSTRUCTOR cannot start with ROLE_ (it is automatically added)
2024-10-30 16:42:54 - Closing JPA EntityManagerFactory for persistence unit 'default'
2024-10-30 16:42:54 - HikariPool-1 - Shutdown initiated...
2024-10-30 16:42:54 - HikariPool-1 - Shutdown completed.
2024-10-30 16:42:54 - Stopping service [Tomcat]
2024-10-30 16:42:54 - 

Error starting ApplicationContext. To display the condition evaluation report re-run your application with 'debug' enabled.
2024-10-30 16:42:54 - Application run failed
org.springframework.beans.factory.UnsatisfiedDependencyException: Error creating bean with name 'securityFilterChain' defined in class path resource [com/project/fitnessapp/config/SecurityConfig.class]: Unsatisfied dependency expressed through method 'securityFilterChain' parameter 0: Error creating bean with name 'org.springframework.security.config.annotation.web.configuration.HttpSecurityConfiguration.httpSecurity' defined in class path resource [org/springframework/security/config/annotation/web/configuration/HttpSecurityConfiguration.class]: Failed to instantiate [org.springframework.security.config.annotation.web.builders.HttpSecurity]: Factory method 'httpSecurity' threw exception with message: Error creating bean with name 'userDetailsService' defined in class path resource [com/project/fitnessapp/config/SecurityConfig.class]: Failed to instantiate [org.springframework.security.core.userdetails.UserDetailsService]: Factory method 'userDetailsService' threw exception with message: ROLE_INSTRUCTOR cannot start with ROLE_ (it is automatically added)
	at org.springframework.beans.factory.support.ConstructorResolver.createArgumentArray(ConstructorResolver.java:795)
	at org.springframework.beans.factory.support.ConstructorResolver.instantiateUsingFactoryMethod(ConstructorResolver.java:542)
	at org.springframework.beans.factory.support.AbstractAutowireCapableBeanFactory.instantiateUsingFactoryMethod(AbstractAutowireCapableBeanFactory.java:1355)
	at org.springframework.beans.factory.support.AbstractAutowireCapableBeanFactory.createBeanInstance(AbstractAutowireCapableBeanFactory.java:1185)
	at org.springframework.beans.factory.support.AbstractAutowireCapableBeanFactory.doCreateBean(AbstractAutowireCapableBeanFactory.java:562)
	at org.springframework.beans.factory.support.AbstractAutowireCapableBeanFactory.createBean(AbstractAutowireCapableBeanFactory.java:522)
	at org.springframework.beans.factory.support.AbstractBeanFactory.lambda$doGetBean$0(AbstractBeanFactory.java:337)
	at org.springframework.beans.factory.support.DefaultSingletonBeanRegistry.getSingleton(DefaultSingletonBeanRegistry.java:234)
	at org.springframework.beans.factory.support.AbstractBeanFactory.doGetBean(AbstractBeanFactory.java:335)
	at org.springframework.beans.factory.support.AbstractBeanFactory.getBean(AbstractBeanFactory.java:200)
	at org.springframework.beans.factory.support.DefaultListableBeanFactory.preInstantiateSingletons(DefaultListableBeanFactory.java:975)
	at org.springframework.context.support.AbstractApplicationContext.finishBeanFactoryInitialization(AbstractApplicationContext.java:971)
	at org.springframework.context.support.AbstractApplicationContext.refresh(AbstractApplicationContext.java:625)
	at org.springframework.boot.web.servlet.context.ServletWebServerApplicationContext.refresh(ServletWebServerApplicationContext.java:146)
	at org.springframework.boot.SpringApplication.refresh(SpringApplication.java:754)
	at org.springframework.boot.SpringApplication.refreshContext(SpringApplication.java:456)
	at org.springframework.boot.SpringApplication.run(SpringApplication.java:335)
	at org.springframework.boot.SpringApplication.run(SpringApplication.java:1363)
	at org.springframework.boot.SpringApplication.run(SpringApplication.java:1352)
	at com.project.fitnessapp.FitnessAppApplication.main(FitnessAppApplication.java:10)
Caused by: org.springframework.beans.factory.BeanCreationException: Error creating bean with name 'org.springframework.security.config.annotation.web.configuration.HttpSecurityConfiguration.httpSecurity' defined in class path resource [org/springframework/security/config/annotation/web/configuration/HttpSecurityConfiguration.class]: Failed to instantiate [org.springframework.security.config.annotation.web.builders.HttpSecurity]: Factory method 'httpSecurity' threw exception with message: Error creating bean with name 'userDetailsService' defined in class path resource [com/project/fitnessapp/config/SecurityConfig.class]: Failed to instantiate [org.springframework.security.core.userdetails.UserDetailsService]: Factory method 'userDetailsService' threw exception with message: ROLE_INSTRUCTOR cannot start with ROLE_ (it is automatically added)
	at org.springframework.beans.factory.support.ConstructorResolver.instantiate(ConstructorResolver.java:648)
	at org.springframework.beans.factory.support.ConstructorResolver.instantiateUsingFactoryMethod(ConstructorResolver.java:485)
	at org.springframework.beans.factory.support.AbstractAutowireCapableBeanFactory.instantiateUsingFactoryMethod(AbstractAutowireCapableBeanFactory.java:1355)
	at org.springframework.beans.factory.support.AbstractAutowireCapableBeanFactory.createBeanInstance(AbstractAutowireCapableBeanFactory.java:1185)
	at org.springframework.beans.factory.support.AbstractAutowireCapableBeanFactory.doCreateBean(AbstractAutowireCapableBeanFactory.java:562)
	at org.springframework.beans.factory.support.AbstractAutowireCapableBeanFactory.createBean(AbstractAutowireCapableBeanFactory.java:522)
	at org.springframework.beans.factory.support.AbstractBeanFactory.doGetBean(AbstractBeanFactory.java:355)
	at org.springframework.beans.factory.support.AbstractBeanFactory.getBean(AbstractBeanFactory.java:200)
	at org.springframework.beans.factory.config.DependencyDescriptor.resolveCandidate(DependencyDescriptor.java:254)
	at org.springframework.beans.factory.support.DefaultListableBeanFactory.doResolveDependency(DefaultListableBeanFactory.java:1443)
	at org.springframework.beans.factory.support.DefaultListableBeanFactory.resolveDependency(DefaultListableBeanFactory.java:1353)
	at org.springframework.beans.factory.support.ConstructorResolver.resolveAutowiredArgument(ConstructorResolver.java:904)
	at org.springframework.beans.factory.support.ConstructorResolver.createArgumentArray(ConstructorResolver.java:782)
	... 19 common frames omitted
Caused by: org.springframework.beans.BeanInstantiationException: Failed to instantiate [org.springframework.security.config.annotation.web.builders.HttpSecurity]: Factory method 'httpSecurity' threw exception with message: Error creating bean with name 'userDetailsService' defined in class path resource [com/project/fitnessapp/config/SecurityConfig.class]: Failed to instantiate [org.springframework.security.core.userdetails.UserDetailsService]: Factory method 'userDetailsService' threw exception with message: ROLE_INSTRUCTOR cannot start with ROLE_ (it is automatically added)
	at org.springframework.beans.factory.support.SimpleInstantiationStrategy.instantiate(SimpleInstantiationStrategy.java:178)
	at org.springframework.beans.factory.support.ConstructorResolver.instantiate(ConstructorResolver.java:644)
	... 31 common frames omitted
Caused by: org.springframework.beans.factory.BeanCreationException: Error creating bean with name 'userDetailsService' defined in class path resource [com/project/fitnessapp/config/SecurityConfig.class]: Failed to instantiate [org.springframework.security.core.userdetails.UserDetailsService]: Factory method 'userDetailsService' threw exception with message: ROLE_INSTRUCTOR cannot start with ROLE_ (it is automatically added)
	at org.springframework.beans.factory.support.ConstructorResolver.instantiate(ConstructorResolver.java:648)
	at org.springframework.beans.factory.support.ConstructorResolver.instantiateUsingFactoryMethod(ConstructorResolver.java:636)
	at org.springframework.beans.factory.support.AbstractAutowireCapableBeanFactory.instantiateUsingFactoryMethod(AbstractAutowireCapableBeanFactory.java:1355)
	at org.springframework.beans.factory.support.AbstractAutowireCapableBeanFactory.createBeanInstance(AbstractAutowireCapableBeanFactory.java:1185)
	at org.springframework.beans.factory.support.AbstractAutowireCapableBeanFactory.doCreateBean(AbstractAutowireCapableBeanFactory.java:562)
	at org.springframework.beans.factory.support.AbstractAutowireCapableBeanFactory.createBean(AbstractAutowireCapableBeanFactory.java:522)
	at org.springframework.beans.factory.support.AbstractBeanFactory.lambda$doGetBean$0(AbstractBeanFactory.java:337)
	at org.springframework.beans.factory.support.DefaultSingletonBeanRegistry.getSingleton(DefaultSingletonBeanRegistry.java:234)
	at org.springframework.beans.factory.support.AbstractBeanFactory.doGetBean(AbstractBeanFactory.java:335)
	at org.springframework.beans.factory.support.AbstractBeanFactory.getBean(AbstractBeanFactory.java:205)
	at org.springframework.context.support.AbstractApplicationContext.getBean(AbstractApplicationContext.java:1249)
	at org.springframework.security.config.annotation.authentication.configuration.InitializeUserDetailsBeanManagerConfigurer$InitializeUserDetailsManagerConfigurer.getBeansWithName(InitializeUserDetailsBeanManagerConfigurer.java:138)
	at org.springframework.security.config.annotation.authentication.configuration.InitializeUserDetailsBeanManagerConfigurer$InitializeUserDetailsManagerConfigurer.configure(InitializeUserDetailsBeanManagerConfigurer.java:69)
	at org.springframework.security.config.annotation.authentication.configuration.InitializeUserDetailsBeanManagerConfigurer$InitializeUserDetailsManagerConfigurer.configure(InitializeUserDetailsBeanManagerConfigurer.java:63)
	at org.springframework.security.config.annotation.AbstractConfiguredSecurityBuilder.configure(AbstractConfiguredSecurityBuilder.java:376)
	at org.springframework.security.config.annotation.AbstractConfiguredSecurityBuilder.doBuild(AbstractConfiguredSecurityBuilder.java:330)
	at org.springframework.security.config.annotation.AbstractSecurityBuilder.build(AbstractSecurityBuilder.java:38)
	at org.springframework.security.config.annotation.authentication.configuration.AuthenticationConfiguration.getAuthenticationManager(AuthenticationConfiguration.java:121)
	at org.springframework.security.config.annotation.web.configuration.HttpSecurityConfiguration.authenticationManager(HttpSecurityConfiguration.java:141)
	at org.springframework.security.config.annotation.web.configuration.HttpSecurityConfiguration.httpSecurity(HttpSecurityConfiguration.java:110)
	at java.base/jdk.internal.reflect.DirectMethodHandleAccessor.invoke(DirectMethodHandleAccessor.java:103)
	at java.base/java.lang.reflect.Method.invoke(Method.java:580)
	at org.springframework.beans.factory.support.SimpleInstantiationStrategy.instantiate(SimpleInstantiationStrategy.java:146)
	... 32 common frames omitted
Caused by: org.springframework.beans.BeanInstantiationException: Failed to instantiate [org.springframework.security.core.userdetails.UserDetailsService]: Factory method 'userDetailsService' threw exception with message: ROLE_INSTRUCTOR cannot start with ROLE_ (it is automatically added)
	at org.springframework.beans.factory.support.SimpleInstantiationStrategy.instantiate(SimpleInstantiationStrategy.java:178)
	at org.springframework.beans.factory.support.ConstructorResolver.instantiate(ConstructorResolver.java:644)
	... 54 common frames omitted
Caused by: java.lang.IllegalArgumentException: ROLE_INSTRUCTOR cannot start with ROLE_ (it is automatically added)
	at org.springframework.util.Assert.isTrue(Assert.java:129)
	at org.springframework.security.core.userdetails.User$UserBuilder.roles(User.java:414)
	at com.project.fitnessapp.config.SecurityConfig.userDetailsService(SecurityConfig.java:72)
	at com.project.fitnessapp.config.SecurityConfig$$SpringCGLIB$$0.CGLIB$userDetailsService$0(<generated>)
	at com.project.fitnessapp.config.SecurityConfig$$SpringCGLIB$$FastClass$$1.invoke(<generated>)
	at org.springframework.cglib.proxy.MethodProxy.invokeSuper(MethodProxy.java:258)
	at org.springframework.context.annotation.ConfigurationClassEnhancer$BeanMethodInterceptor.intercept(ConfigurationClassEnhancer.java:348)
	at com.project.fitnessapp.config.SecurityConfig$$SpringCGLIB$$0.userDetailsService(<generated>)
	at java.base/jdk.internal.reflect.DirectMethodHandleAccessor.invoke(DirectMethodHandleAccessor.java:103)
	at java.base/java.lang.reflect.Method.invoke(Method.java:580)
	at org.springframework.beans.factory.support.SimpleInstantiationStrategy.instantiate(SimpleInstantiationStrategy.java:146)
	... 55 common frames omitted
2024-10-30 16:43:57 - Starting FitnessAppApplication using Java 22.0.2 with PID 7668 (C:\Users\milic\IdeaProjects\Fitness-App\target\classes started by milic in C:\Users\milic\IdeaProjects\Fitness-App)
2024-10-30 16:43:57 - No active profile set, falling back to 1 default profile: "default"
2024-10-30 16:43:57 - Bootstrapping Spring Data JPA repositories in DEFAULT mode.
2024-10-30 16:43:57 - Finished Spring Data repository scanning in 38 ms. Found 4 JPA repository interfaces.
2024-10-30 16:43:58 - Tomcat initialized with port 8080 (http)
2024-10-30 16:43:58 - Initializing ProtocolHandler ["http-nio-8080"]
2024-10-30 16:43:58 - Starting service [Tomcat]
2024-10-30 16:43:58 - Starting Servlet engine: [Apache Tomcat/10.1.28]
2024-10-30 16:43:58 - Initializing Spring embedded WebApplicationContext
2024-10-30 16:43:58 - Root WebApplicationContext: initialization completed in 928 ms
2024-10-30 16:43:58 - HikariPool-1 - Starting...
2024-10-30 16:43:58 - HikariPool-1 - Added connection conn0: url=jdbc:h2:mem:testdb user=SA
2024-10-30 16:43:58 - HikariPool-1 - Start completed.
2024-10-30 16:43:58 - H2 console available at '/h2-console'. Database available at 'jdbc:h2:mem:testdb'
2024-10-30 16:43:58 - HHH000204: Processing PersistenceUnitInfo [name: default]
2024-10-30 16:43:58 - HHH000412: Hibernate ORM core version 6.5.2.Final
2024-10-30 16:43:58 - HHH000026: Second-level cache disabled
2024-10-30 16:43:58 - No LoadTimeWeaver setup: ignoring JPA class transformer
2024-10-30 16:43:59 - HHH000489: No JTA platform available (set 'hibernate.transaction.jta.platform' to enable JTA platform integration)
2024-10-30 16:43:59 - Initialized JPA EntityManagerFactory for persistence unit 'default'
2024-10-30 16:43:59 - spring.jpa.open-in-view is enabled by default. Therefore, database queries may be performed during view rendering. Explicitly configure spring.jpa.open-in-view to disable this warning
2024-10-30 16:44:00 - Global AuthenticationManager configured with UserDetailsService bean with name userDetailsService
2024-10-30 16:44:00 - Exception encountered during context initialization - cancelling refresh attempt: org.springframework.beans.factory.BeanCreationException: Error creating bean with name 'securityFilterChain' defined in class path resource [com/project/fitnessapp/config/SecurityConfig.class]: Failed to instantiate [org.springframework.security.web.SecurityFilterChain]: Factory method 'securityFilterChain' threw exception with message: ROLE_INSTRUCTOR should not start with ROLE_ since ROLE_ is automatically prepended when using hasAnyRole. Consider using hasAnyAuthority instead.
2024-10-30 16:44:00 - Closing JPA EntityManagerFactory for persistence unit 'default'
2024-10-30 16:44:00 - HikariPool-1 - Shutdown initiated...
2024-10-30 16:44:00 - HikariPool-1 - Shutdown completed.
2024-10-30 16:44:00 - Stopping service [Tomcat]
2024-10-30 16:44:00 - 

Error starting ApplicationContext. To display the condition evaluation report re-run your application with 'debug' enabled.
2024-10-30 16:44:00 - Application run failed
org.springframework.beans.factory.BeanCreationException: Error creating bean with name 'securityFilterChain' defined in class path resource [com/project/fitnessapp/config/SecurityConfig.class]: Failed to instantiate [org.springframework.security.web.SecurityFilterChain]: Factory method 'securityFilterChain' threw exception with message: ROLE_INSTRUCTOR should not start with ROLE_ since ROLE_ is automatically prepended when using hasAnyRole. Consider using hasAnyAuthority instead.
	at org.springframework.beans.factory.support.ConstructorResolver.instantiate(ConstructorResolver.java:648)
	at org.springframework.beans.factory.support.ConstructorResolver.instantiateUsingFactoryMethod(ConstructorResolver.java:636)
	at org.springframework.beans.factory.support.AbstractAutowireCapableBeanFactory.instantiateUsingFactoryMethod(AbstractAutowireCapableBeanFactory.java:1355)
	at org.springframework.beans.factory.support.AbstractAutowireCapableBeanFactory.createBeanInstance(AbstractAutowireCapableBeanFactory.java:1185)
	at org.springframework.beans.factory.support.AbstractAutowireCapableBeanFactory.doCreateBean(AbstractAutowireCapableBeanFactory.java:562)
	at org.springframework.beans.factory.support.AbstractAutowireCapableBeanFactory.createBean(AbstractAutowireCapableBeanFactory.java:522)
	at org.springframework.beans.factory.support.AbstractBeanFactory.lambda$doGetBean$0(AbstractBeanFactory.java:337)
	at org.springframework.beans.factory.support.DefaultSingletonBeanRegistry.getSingleton(DefaultSingletonBeanRegistry.java:234)
	at org.springframework.beans.factory.support.AbstractBeanFactory.doGetBean(AbstractBeanFactory.java:335)
	at org.springframework.beans.factory.support.AbstractBeanFactory.getBean(AbstractBeanFactory.java:200)
	at org.springframework.beans.factory.support.DefaultListableBeanFactory.preInstantiateSingletons(DefaultListableBeanFactory.java:975)
	at org.springframework.context.support.AbstractApplicationContext.finishBeanFactoryInitialization(AbstractApplicationContext.java:971)
	at org.springframework.context.support.AbstractApplicationContext.refresh(AbstractApplicationContext.java:625)
	at org.springframework.boot.web.servlet.context.ServletWebServerApplicationContext.refresh(ServletWebServerApplicationContext.java:146)
	at org.springframework.boot.SpringApplication.refresh(SpringApplication.java:754)
	at org.springframework.boot.SpringApplication.refreshContext(SpringApplication.java:456)
	at org.springframework.boot.SpringApplication.run(SpringApplication.java:335)
	at org.springframework.boot.SpringApplication.run(SpringApplication.java:1363)
	at org.springframework.boot.SpringApplication.run(SpringApplication.java:1352)
	at com.project.fitnessapp.FitnessAppApplication.main(FitnessAppApplication.java:10)
Caused by: org.springframework.beans.BeanInstantiationException: Failed to instantiate [org.springframework.security.web.SecurityFilterChain]: Factory method 'securityFilterChain' threw exception with message: ROLE_INSTRUCTOR should not start with ROLE_ since ROLE_ is automatically prepended when using hasAnyRole. Consider using hasAnyAuthority instead.
	at org.springframework.beans.factory.support.SimpleInstantiationStrategy.instantiate(SimpleInstantiationStrategy.java:178)
	at org.springframework.beans.factory.support.ConstructorResolver.instantiate(ConstructorResolver.java:644)
	... 19 common frames omitted
Caused by: java.lang.IllegalArgumentException: ROLE_INSTRUCTOR should not start with ROLE_ since ROLE_ is automatically prepended when using hasAnyRole. Consider using hasAnyAuthority instead.
	at org.springframework.util.Assert.isTrue(Assert.java:129)
	at org.springframework.security.authorization.AuthorityAuthorizationManager.toNamedRolesArray(AuthorityAuthorizationManager.java:128)
	at org.springframework.security.authorization.AuthorityAuthorizationManager.hasAnyRole(AuthorityAuthorizationManager.java:108)
	at org.springframework.security.config.annotation.web.configurers.AuthorizeHttpRequestsConfigurer$AuthorizedUrl.hasRole(AuthorizeHttpRequestsConfigurer.java:307)
	at com.project.fitnessapp.config.SecurityConfig.lambda$securityFilterChain$0(SecurityConfig.java:40)
	at org.springframework.security.config.annotation.web.builders.HttpSecurity.authorizeHttpRequests(HttpSecurity.java:1467)
	at com.project.fitnessapp.config.SecurityConfig.securityFilterChain(SecurityConfig.java:35)
	at com.project.fitnessapp.config.SecurityConfig$$SpringCGLIB$$0.CGLIB$securityFilterChain$0(<generated>)
	at com.project.fitnessapp.config.SecurityConfig$$SpringCGLIB$$FastClass$$1.invoke(<generated>)
	at org.springframework.cglib.proxy.MethodProxy.invokeSuper(MethodProxy.java:258)
	at org.springframework.context.annotation.ConfigurationClassEnhancer$BeanMethodInterceptor.intercept(ConfigurationClassEnhancer.java:348)
	at com.project.fitnessapp.config.SecurityConfig$$SpringCGLIB$$0.securityFilterChain(<generated>)
	at java.base/jdk.internal.reflect.DirectMethodHandleAccessor.invoke(DirectMethodHandleAccessor.java:103)
	at java.base/java.lang.reflect.Method.invoke(Method.java:580)
	at org.springframework.beans.factory.support.SimpleInstantiationStrategy.instantiate(SimpleInstantiationStrategy.java:146)
	... 20 common frames omitted
2024-10-30 16:44:19 - Starting FitnessAppApplication using Java 22.0.2 with PID 17468 (C:\Users\milic\IdeaProjects\Fitness-App\target\classes started by milic in C:\Users\milic\IdeaProjects\Fitness-App)
2024-10-30 16:44:19 - No active profile set, falling back to 1 default profile: "default"
2024-10-30 16:44:20 - Bootstrapping Spring Data JPA repositories in DEFAULT mode.
2024-10-30 16:44:20 - Finished Spring Data repository scanning in 42 ms. Found 4 JPA repository interfaces.
2024-10-30 16:44:20 - Tomcat initialized with port 8080 (http)
2024-10-30 16:44:20 - Initializing ProtocolHandler ["http-nio-8080"]
2024-10-30 16:44:20 - Starting service [Tomcat]
2024-10-30 16:44:20 - Starting Servlet engine: [Apache Tomcat/10.1.28]
2024-10-30 16:44:20 - Initializing Spring embedded WebApplicationContext
2024-10-30 16:44:20 - Root WebApplicationContext: initialization completed in 950 ms
2024-10-30 16:44:20 - HikariPool-1 - Starting...
2024-10-30 16:44:20 - HikariPool-1 - Added connection conn0: url=jdbc:h2:mem:testdb user=SA
2024-10-30 16:44:20 - HikariPool-1 - Start completed.
2024-10-30 16:44:20 - H2 console available at '/h2-console'. Database available at 'jdbc:h2:mem:testdb'
2024-10-30 16:44:21 - HHH000204: Processing PersistenceUnitInfo [name: default]
2024-10-30 16:44:21 - HHH000412: Hibernate ORM core version 6.5.2.Final
2024-10-30 16:44:21 - HHH000026: Second-level cache disabled
2024-10-30 16:44:21 - No LoadTimeWeaver setup: ignoring JPA class transformer
2024-10-30 16:44:22 - HHH000489: No JTA platform available (set 'hibernate.transaction.jta.platform' to enable JTA platform integration)
2024-10-30 16:44:22 - Initialized JPA EntityManagerFactory for persistence unit 'default'
2024-10-30 16:44:22 - spring.jpa.open-in-view is enabled by default. Therefore, database queries may be performed during view rendering. Explicitly configure spring.jpa.open-in-view to disable this warning
2024-10-30 16:44:22 - Global AuthenticationManager configured with UserDetailsService bean with name userDetailsService
2024-10-30 16:44:23 - Starting ProtocolHandler ["http-nio-8080"]
2024-10-30 16:44:23 - Tomcat started on port 8080 (http) with context path '/'
2024-10-30 16:44:23 - Started FitnessAppApplication in 3.8 seconds (process running for 4.271)
2024-10-30 16:44:29 - Initializing Spring DispatcherServlet 'dispatcherServlet'
2024-10-30 16:44:29 - Initializing Servlet 'dispatcherServlet'
2024-10-30 16:44:29 - Completed initialization in 0 ms
2024-10-30 16:44:41 - Resolved [org.springframework.web.method.annotation.MethodArgumentTypeMismatchException: Failed to convert value of type 'java.lang.String' to required type 'com.project.fitnessapp.models.Role'; Failed to convert from type [java.lang.String] to type [@org.springframework.web.bind.annotation.RequestParam com.project.fitnessapp.models.Role] for value [INSTRUCTOR]]
2024-10-30 16:46:07 - Resolved [org.springframework.web.method.annotation.MethodArgumentTypeMismatchException: Failed to convert value of type 'java.lang.String' to required type 'com.project.fitnessapp.models.Role'; Failed to convert from type [java.lang.String] to type [@org.springframework.web.bind.annotation.RequestParam com.project.fitnessapp.models.Role] for value [INSTRUCTOR]]
2024-10-30 16:46:07 - [THYMELEAF][http-nio-8080-exec-8] Exception processing template "error": Error resolving template [error], template might not exist or might not be accessible by any of the configured Template Resolvers
org.thymeleaf.exceptions.TemplateInputException: Error resolving template [error], template might not exist or might not be accessible by any of the configured Template Resolvers
	at org.thymeleaf.engine.TemplateManager.resolveTemplate(TemplateManager.java:869)
	at org.thymeleaf.engine.TemplateManager.parseAndProcess(TemplateManager.java:607)
	at org.thymeleaf.TemplateEngine.process(TemplateEngine.java:1103)
	at org.thymeleaf.TemplateEngine.process(TemplateEngine.java:1077)
	at org.thymeleaf.spring6.view.ThymeleafView.renderFragment(ThymeleafView.java:372)
	at org.thymeleaf.spring6.view.ThymeleafView.render(ThymeleafView.java:192)
	at org.springframework.web.servlet.DispatcherServlet.render(DispatcherServlet.java:1432)
	at org.springframework.web.servlet.DispatcherServlet.processDispatchResult(DispatcherServlet.java:1168)
	at org.springframework.web.servlet.DispatcherServlet.doDispatch(DispatcherServlet.java:1106)
	at org.springframework.web.servlet.DispatcherServlet.doService(DispatcherServlet.java:979)
	at org.springframework.web.servlet.FrameworkServlet.processRequest(FrameworkServlet.java:1014)
	at org.springframework.web.servlet.FrameworkServlet.doPost(FrameworkServlet.java:914)
	at jakarta.servlet.http.HttpServlet.service(HttpServlet.java:590)
	at org.springframework.web.servlet.FrameworkServlet.service(FrameworkServlet.java:885)
	at jakarta.servlet.http.HttpServlet.service(HttpServlet.java:658)
	at org.apache.catalina.core.ApplicationFilterChain.internalDoFilter(ApplicationFilterChain.java:195)
	at org.apache.catalina.core.ApplicationFilterChain.doFilter(ApplicationFilterChain.java:140)
	at org.springframework.web.filter.CompositeFilter$VirtualFilterChain.doFilter(CompositeFilter.java:108)
	at org.springframework.security.web.FilterChainProxy.lambda$doFilterInternal$3(FilterChainProxy.java:231)
	at org.springframework.security.web.FilterChainProxy$VirtualFilterChain.doFilter(FilterChainProxy.java:365)
	at org.springframework.security.web.access.intercept.AuthorizationFilter.doFilter(AuthorizationFilter.java:100)
	at org.springframework.security.web.FilterChainProxy$VirtualFilterChain.doFilter(FilterChainProxy.java:374)
	at org.springframework.security.web.access.ExceptionTranslationFilter.doFilter(ExceptionTranslationFilter.java:126)
	at org.springframework.security.web.access.ExceptionTranslationFilter.doFilter(ExceptionTranslationFilter.java:120)
	at org.springframework.security.web.FilterChainProxy$VirtualFilterChain.doFilter(FilterChainProxy.java:374)
	at org.springframework.security.web.authentication.AnonymousAuthenticationFilter.doFilter(AnonymousAuthenticationFilter.java:100)
	at org.springframework.security.web.FilterChainProxy$VirtualFilterChain.doFilter(FilterChainProxy.java:374)
	at org.springframework.security.web.servletapi.SecurityContextHolderAwareRequestFilter.doFilter(SecurityContextHolderAwareRequestFilter.java:179)
	at org.springframework.security.web.FilterChainProxy$VirtualFilterChain.doFilter(FilterChainProxy.java:374)
	at org.springframework.security.web.savedrequest.RequestCacheAwareFilter.doFilter(RequestCacheAwareFilter.java:63)
	at org.springframework.security.web.FilterChainProxy$VirtualFilterChain.doFilter(FilterChainProxy.java:374)
	at org.springframework.security.web.authentication.AbstractAuthenticationProcessingFilter.doFilter(AbstractAuthenticationProcessingFilter.java:227)
	at org.springframework.security.web.authentication.AbstractAuthenticationProcessingFilter.doFilter(AbstractAuthenticationProcessingFilter.java:221)
	at org.springframework.security.web.FilterChainProxy$VirtualFilterChain.doFilter(FilterChainProxy.java:374)
	at org.springframework.security.web.authentication.logout.LogoutFilter.doFilter(LogoutFilter.java:107)
	at org.springframework.security.web.authentication.logout.LogoutFilter.doFilter(LogoutFilter.java:93)
	at org.springframework.security.web.FilterChainProxy$VirtualFilterChain.doFilter(FilterChainProxy.java:374)
	at org.springframework.web.filter.OncePerRequestFilter.doFilter(OncePerRequestFilter.java:101)
	at org.springframework.security.web.FilterChainProxy$VirtualFilterChain.doFilter(FilterChainProxy.java:374)
	at org.springframework.web.filter.OncePerRequestFilter.doFilter(OncePerRequestFilter.java:101)
	at org.springframework.security.web.FilterChainProxy$VirtualFilterChain.doFilter(FilterChainProxy.java:374)
	at org.springframework.security.web.context.SecurityContextHolderFilter.doFilter(SecurityContextHolderFilter.java:82)
	at org.springframework.security.web.context.SecurityContextHolderFilter.doFilter(SecurityContextHolderFilter.java:69)
	at org.springframework.security.web.FilterChainProxy$VirtualFilterChain.doFilter(FilterChainProxy.java:374)
	at org.springframework.web.filter.OncePerRequestFilter.doFilter(OncePerRequestFilter.java:101)
	at org.springframework.security.web.FilterChainProxy$VirtualFilterChain.doFilter(FilterChainProxy.java:374)
	at org.springframework.web.filter.OncePerRequestFilter.doFilter(OncePerRequestFilter.java:101)
	at org.springframework.security.web.FilterChainProxy$VirtualFilterChain.doFilter(FilterChainProxy.java:374)
	at org.springframework.security.web.FilterChainProxy.doFilterInternal(FilterChainProxy.java:233)
	at org.springframework.security.web.FilterChainProxy.doFilter(FilterChainProxy.java:191)
	at org.springframework.web.filter.CompositeFilter$VirtualFilterChain.doFilter(CompositeFilter.java:113)
	at org.springframework.web.servlet.handler.HandlerMappingIntrospector.lambda$createCacheFilter$3(HandlerMappingIntrospector.java:195)
	at org.springframework.web.filter.CompositeFilter$VirtualFilterChain.doFilter(CompositeFilter.java:113)
	at org.springframework.web.filter.CompositeFilter.doFilter(CompositeFilter.java:74)
	at org.springframework.security.config.annotation.web.configuration.WebMvcSecurityConfiguration$CompositeFilterChainProxy.doFilter(WebMvcSecurityConfiguration.java:230)
	at org.springframework.web.filter.DelegatingFilterProxy.invokeDelegate(DelegatingFilterProxy.java:352)
	at org.springframework.web.filter.DelegatingFilterProxy.doFilter(DelegatingFilterProxy.java:268)
	at org.apache.catalina.core.ApplicationFilterChain.internalDoFilter(ApplicationFilterChain.java:164)
	at org.apache.catalina.core.ApplicationFilterChain.doFilter(ApplicationFilterChain.java:140)
	at org.springframework.web.filter.RequestContextFilter.doFilterInternal(RequestContextFilter.java:100)
	at org.springframework.web.filter.OncePerRequestFilter.doFilter(OncePerRequestFilter.java:116)
	at org.apache.catalina.core.ApplicationFilterChain.internalDoFilter(ApplicationFilterChain.java:164)
	at org.apache.catalina.core.ApplicationFilterChain.doFilter(ApplicationFilterChain.java:140)
	at org.springframework.web.filter.OncePerRequestFilter.doFilter(OncePerRequestFilter.java:101)
	at org.apache.catalina.core.ApplicationFilterChain.internalDoFilter(ApplicationFilterChain.java:164)
	at org.apache.catalina.core.ApplicationFilterChain.doFilter(ApplicationFilterChain.java:140)
	at org.springframework.web.filter.OncePerRequestFilter.doFilter(OncePerRequestFilter.java:101)
	at org.apache.catalina.core.ApplicationFilterChain.internalDoFilter(ApplicationFilterChain.java:164)
	at org.apache.catalina.core.ApplicationFilterChain.doFilter(ApplicationFilterChain.java:140)
	at org.apache.catalina.core.ApplicationDispatcher.invoke(ApplicationDispatcher.java:632)
	at org.apache.catalina.core.ApplicationDispatcher.processRequest(ApplicationDispatcher.java:410)
	at org.apache.catalina.core.ApplicationDispatcher.doForward(ApplicationDispatcher.java:330)
	at org.apache.catalina.core.ApplicationDispatcher.forward(ApplicationDispatcher.java:267)
	at org.apache.catalina.core.StandardHostValve.custom(StandardHostValve.java:362)
	at org.apache.catalina.core.StandardHostValve.status(StandardHostValve.java:222)
	at org.apache.catalina.core.StandardHostValve.invoke(StandardHostValve.java:151)
	at org.apache.catalina.valves.ErrorReportValve.invoke(ErrorReportValve.java:93)
	at org.apache.catalina.core.StandardEngineValve.invoke(StandardEngineValve.java:74)
	at org.apache.catalina.connector.CoyoteAdapter.service(CoyoteAdapter.java:344)
	at org.apache.coyote.http11.Http11Processor.service(Http11Processor.java:384)
	at org.apache.coyote.AbstractProcessorLight.process(AbstractProcessorLight.java:63)
	at org.apache.coyote.AbstractProtocol$ConnectionHandler.process(AbstractProtocol.java:904)
	at org.apache.tomcat.util.net.NioEndpoint$SocketProcessor.doRun(NioEndpoint.java:1741)
	at org.apache.tomcat.util.net.SocketProcessorBase.run(SocketProcessorBase.java:52)
	at org.apache.tomcat.util.threads.ThreadPoolExecutor.runWorker(ThreadPoolExecutor.java:1190)
	at org.apache.tomcat.util.threads.ThreadPoolExecutor$Worker.run(ThreadPoolExecutor.java:659)
	at org.apache.tomcat.util.threads.TaskThread$WrappingRunnable.run(TaskThread.java:63)
	at java.base/java.lang.Thread.run(Thread.java:1570)
2024-10-30 16:46:08 - Servlet.service() for servlet [dispatcherServlet] threw exception
org.thymeleaf.exceptions.TemplateInputException: Error resolving template [error], template might not exist or might not be accessible by any of the configured Template Resolvers
	at org.thymeleaf.engine.TemplateManager.resolveTemplate(TemplateManager.java:869)
	at org.thymeleaf.engine.TemplateManager.parseAndProcess(TemplateManager.java:607)
	at org.thymeleaf.TemplateEngine.process(TemplateEngine.java:1103)
	at org.thymeleaf.TemplateEngine.process(TemplateEngine.java:1077)
	at org.thymeleaf.spring6.view.ThymeleafView.renderFragment(ThymeleafView.java:372)
	at org.thymeleaf.spring6.view.ThymeleafView.render(ThymeleafView.java:192)
	at org.springframework.web.servlet.DispatcherServlet.render(DispatcherServlet.java:1432)
	at org.springframework.web.servlet.DispatcherServlet.processDispatchResult(DispatcherServlet.java:1168)
	at org.springframework.web.servlet.DispatcherServlet.doDispatch(DispatcherServlet.java:1106)
	at org.springframework.web.servlet.DispatcherServlet.doService(DispatcherServlet.java:979)
	at org.springframework.web.servlet.FrameworkServlet.processRequest(FrameworkServlet.java:1014)
	at org.springframework.web.servlet.FrameworkServlet.doPost(FrameworkServlet.java:914)
	at jakarta.servlet.http.HttpServlet.service(HttpServlet.java:590)
	at org.springframework.web.servlet.FrameworkServlet.service(FrameworkServlet.java:885)
	at jakarta.servlet.http.HttpServlet.service(HttpServlet.java:658)
	at org.apache.catalina.core.ApplicationFilterChain.internalDoFilter(ApplicationFilterChain.java:195)
	at org.apache.catalina.core.ApplicationFilterChain.doFilter(ApplicationFilterChain.java:140)
	at org.springframework.web.filter.CompositeFilter$VirtualFilterChain.doFilter(CompositeFilter.java:108)
	at org.springframework.security.web.FilterChainProxy.lambda$doFilterInternal$3(FilterChainProxy.java:231)
	at org.springframework.security.web.FilterChainProxy$VirtualFilterChain.doFilter(FilterChainProxy.java:365)
	at org.springframework.security.web.access.intercept.AuthorizationFilter.doFilter(AuthorizationFilter.java:100)
	at org.springframework.security.web.FilterChainProxy$VirtualFilterChain.doFilter(FilterChainProxy.java:374)
	at org.springframework.security.web.access.ExceptionTranslationFilter.doFilter(ExceptionTranslationFilter.java:126)
	at org.springframework.security.web.access.ExceptionTranslationFilter.doFilter(ExceptionTranslationFilter.java:120)
	at org.springframework.security.web.FilterChainProxy$VirtualFilterChain.doFilter(FilterChainProxy.java:374)
	at org.springframework.security.web.authentication.AnonymousAuthenticationFilter.doFilter(AnonymousAuthenticationFilter.java:100)
	at org.springframework.security.web.FilterChainProxy$VirtualFilterChain.doFilter(FilterChainProxy.java:374)
	at org.springframework.security.web.servletapi.SecurityContextHolderAwareRequestFilter.doFilter(SecurityContextHolderAwareRequestFilter.java:179)
	at org.springframework.security.web.FilterChainProxy$VirtualFilterChain.doFilter(FilterChainProxy.java:374)
	at org.springframework.security.web.savedrequest.RequestCacheAwareFilter.doFilter(RequestCacheAwareFilter.java:63)
	at org.springframework.security.web.FilterChainProxy$VirtualFilterChain.doFilter(FilterChainProxy.java:374)
	at org.springframework.security.web.authentication.AbstractAuthenticationProcessingFilter.doFilter(AbstractAuthenticationProcessingFilter.java:227)
	at org.springframework.security.web.authentication.AbstractAuthenticationProcessingFilter.doFilter(AbstractAuthenticationProcessingFilter.java:221)
	at org.springframework.security.web.FilterChainProxy$VirtualFilterChain.doFilter(FilterChainProxy.java:374)
	at org.springframework.security.web.authentication.logout.LogoutFilter.doFilter(LogoutFilter.java:107)
	at org.springframework.security.web.authentication.logout.LogoutFilter.doFilter(LogoutFilter.java:93)
	at org.springframework.security.web.FilterChainProxy$VirtualFilterChain.doFilter(FilterChainProxy.java:374)
	at org.springframework.web.filter.OncePerRequestFilter.doFilter(OncePerRequestFilter.java:101)
	at org.springframework.security.web.FilterChainProxy$VirtualFilterChain.doFilter(FilterChainProxy.java:374)
	at org.springframework.web.filter.OncePerRequestFilter.doFilter(OncePerRequestFilter.java:101)
	at org.springframework.security.web.FilterChainProxy$VirtualFilterChain.doFilter(FilterChainProxy.java:374)
	at org.springframework.security.web.context.SecurityContextHolderFilter.doFilter(SecurityContextHolderFilter.java:82)
	at org.springframework.security.web.context.SecurityContextHolderFilter.doFilter(SecurityContextHolderFilter.java:69)
	at org.springframework.security.web.FilterChainProxy$VirtualFilterChain.doFilter(FilterChainProxy.java:374)
	at org.springframework.web.filter.OncePerRequestFilter.doFilter(OncePerRequestFilter.java:101)
	at org.springframework.security.web.FilterChainProxy$VirtualFilterChain.doFilter(FilterChainProxy.java:374)
	at org.springframework.web.filter.OncePerRequestFilter.doFilter(OncePerRequestFilter.java:101)
	at org.springframework.security.web.FilterChainProxy$VirtualFilterChain.doFilter(FilterChainProxy.java:374)
	at org.springframework.security.web.FilterChainProxy.doFilterInternal(FilterChainProxy.java:233)
	at org.springframework.security.web.FilterChainProxy.doFilter(FilterChainProxy.java:191)
	at org.springframework.web.filter.CompositeFilter$VirtualFilterChain.doFilter(CompositeFilter.java:113)
	at org.springframework.web.servlet.handler.HandlerMappingIntrospector.lambda$createCacheFilter$3(HandlerMappingIntrospector.java:195)
	at org.springframework.web.filter.CompositeFilter$VirtualFilterChain.doFilter(CompositeFilter.java:113)
	at org.springframework.web.filter.CompositeFilter.doFilter(CompositeFilter.java:74)
	at org.springframework.security.config.annotation.web.configuration.WebMvcSecurityConfiguration$CompositeFilterChainProxy.doFilter(WebMvcSecurityConfiguration.java:230)
	at org.springframework.web.filter.DelegatingFilterProxy.invokeDelegate(DelegatingFilterProxy.java:352)
	at org.springframework.web.filter.DelegatingFilterProxy.doFilter(DelegatingFilterProxy.java:268)
	at org.apache.catalina.core.ApplicationFilterChain.internalDoFilter(ApplicationFilterChain.java:164)
	at org.apache.catalina.core.ApplicationFilterChain.doFilter(ApplicationFilterChain.java:140)
	at org.springframework.web.filter.RequestContextFilter.doFilterInternal(RequestContextFilter.java:100)
	at org.springframework.web.filter.OncePerRequestFilter.doFilter(OncePerRequestFilter.java:116)
	at org.apache.catalina.core.ApplicationFilterChain.internalDoFilter(ApplicationFilterChain.java:164)
	at org.apache.catalina.core.ApplicationFilterChain.doFilter(ApplicationFilterChain.java:140)
	at org.springframework.web.filter.OncePerRequestFilter.doFilter(OncePerRequestFilter.java:101)
	at org.apache.catalina.core.ApplicationFilterChain.internalDoFilter(ApplicationFilterChain.java:164)
	at org.apache.catalina.core.ApplicationFilterChain.doFilter(ApplicationFilterChain.java:140)
	at org.springframework.web.filter.OncePerRequestFilter.doFilter(OncePerRequestFilter.java:101)
	at org.apache.catalina.core.ApplicationFilterChain.internalDoFilter(ApplicationFilterChain.java:164)
	at org.apache.catalina.core.ApplicationFilterChain.doFilter(ApplicationFilterChain.java:140)
	at org.apache.catalina.core.ApplicationDispatcher.invoke(ApplicationDispatcher.java:632)
	at org.apache.catalina.core.ApplicationDispatcher.processRequest(ApplicationDispatcher.java:410)
	at org.apache.catalina.core.ApplicationDispatcher.doForward(ApplicationDispatcher.java:330)
	at org.apache.catalina.core.ApplicationDispatcher.forward(ApplicationDispatcher.java:267)
	at org.apache.catalina.core.StandardHostValve.custom(StandardHostValve.java:362)
	at org.apache.catalina.core.StandardHostValve.status(StandardHostValve.java:222)
	at org.apache.catalina.core.StandardHostValve.invoke(StandardHostValve.java:151)
	at org.apache.catalina.valves.ErrorReportValve.invoke(ErrorReportValve.java:93)
	at org.apache.catalina.core.StandardEngineValve.invoke(StandardEngineValve.java:74)
	at org.apache.catalina.connector.CoyoteAdapter.service(CoyoteAdapter.java:344)
	at org.apache.coyote.http11.Http11Processor.service(Http11Processor.java:384)
	at org.apache.coyote.AbstractProcessorLight.process(AbstractProcessorLight.java:63)
	at org.apache.coyote.AbstractProtocol$ConnectionHandler.process(AbstractProtocol.java:904)
	at org.apache.tomcat.util.net.NioEndpoint$SocketProcessor.doRun(NioEndpoint.java:1741)
	at org.apache.tomcat.util.net.SocketProcessorBase.run(SocketProcessorBase.java:52)
	at org.apache.tomcat.util.threads.ThreadPoolExecutor.runWorker(ThreadPoolExecutor.java:1190)
	at org.apache.tomcat.util.threads.ThreadPoolExecutor$Worker.run(ThreadPoolExecutor.java:659)
	at org.apache.tomcat.util.threads.TaskThread$WrappingRunnable.run(TaskThread.java:63)
	at java.base/java.lang.Thread.run(Thread.java:1570)
2024-10-30 16:46:08 - Exception Processing [ErrorPage[errorCode=0, location=/error]]
jakarta.servlet.ServletException: Request processing failed: org.thymeleaf.exceptions.TemplateInputException: Error resolving template [error], template might not exist or might not be accessible by any of the configured Template Resolvers
	at org.springframework.web.servlet.FrameworkServlet.processRequest(FrameworkServlet.java:1022)
	at org.springframework.web.servlet.FrameworkServlet.doPost(FrameworkServlet.java:914)
	at jakarta.servlet.http.HttpServlet.service(HttpServlet.java:590)
	at org.springframework.web.servlet.FrameworkServlet.service(FrameworkServlet.java:885)
	at jakarta.servlet.http.HttpServlet.service(HttpServlet.java:658)
	at org.apache.catalina.core.ApplicationFilterChain.internalDoFilter(ApplicationFilterChain.java:195)
	at org.apache.catalina.core.ApplicationFilterChain.doFilter(ApplicationFilterChain.java:140)
	at org.springframework.web.filter.CompositeFilter$VirtualFilterChain.doFilter(CompositeFilter.java:108)
	at org.springframework.security.web.FilterChainProxy.lambda$doFilterInternal$3(FilterChainProxy.java:231)
	at org.springframework.security.web.FilterChainProxy$VirtualFilterChain.doFilter(FilterChainProxy.java:365)
	at org.springframework.security.web.access.intercept.AuthorizationFilter.doFilter(AuthorizationFilter.java:100)
	at org.springframework.security.web.FilterChainProxy$VirtualFilterChain.doFilter(FilterChainProxy.java:374)
	at org.springframework.security.web.access.ExceptionTranslationFilter.doFilter(ExceptionTranslationFilter.java:126)
	at org.springframework.security.web.access.ExceptionTranslationFilter.doFilter(ExceptionTranslationFilter.java:120)
	at org.springframework.security.web.FilterChainProxy$VirtualFilterChain.doFilter(FilterChainProxy.java:374)
	at org.springframework.security.web.authentication.AnonymousAuthenticationFilter.doFilter(AnonymousAuthenticationFilter.java:100)
	at org.springframework.security.web.FilterChainProxy$VirtualFilterChain.doFilter(FilterChainProxy.java:374)
	at org.springframework.security.web.servletapi.SecurityContextHolderAwareRequestFilter.doFilter(SecurityContextHolderAwareRequestFilter.java:179)
	at org.springframework.security.web.FilterChainProxy$VirtualFilterChain.doFilter(FilterChainProxy.java:374)
	at org.springframework.security.web.savedrequest.RequestCacheAwareFilter.doFilter(RequestCacheAwareFilter.java:63)
	at org.springframework.security.web.FilterChainProxy$VirtualFilterChain.doFilter(FilterChainProxy.java:374)
	at org.springframework.security.web.authentication.AbstractAuthenticationProcessingFilter.doFilter(AbstractAuthenticationProcessingFilter.java:227)
	at org.springframework.security.web.authentication.AbstractAuthenticationProcessingFilter.doFilter(AbstractAuthenticationProcessingFilter.java:221)
	at org.springframework.security.web.FilterChainProxy$VirtualFilterChain.doFilter(FilterChainProxy.java:374)
	at org.springframework.security.web.authentication.logout.LogoutFilter.doFilter(LogoutFilter.java:107)
	at org.springframework.security.web.authentication.logout.LogoutFilter.doFilter(LogoutFilter.java:93)
	at org.springframework.security.web.FilterChainProxy$VirtualFilterChain.doFilter(FilterChainProxy.java:374)
	at org.springframework.web.filter.OncePerRequestFilter.doFilter(OncePerRequestFilter.java:101)
	at org.springframework.security.web.FilterChainProxy$VirtualFilterChain.doFilter(FilterChainProxy.java:374)
	at org.springframework.web.filter.OncePerRequestFilter.doFilter(OncePerRequestFilter.java:101)
	at org.springframework.security.web.FilterChainProxy$VirtualFilterChain.doFilter(FilterChainProxy.java:374)
	at org.springframework.security.web.context.SecurityContextHolderFilter.doFilter(SecurityContextHolderFilter.java:82)
	at org.springframework.security.web.context.SecurityContextHolderFilter.doFilter(SecurityContextHolderFilter.java:69)
	at org.springframework.security.web.FilterChainProxy$VirtualFilterChain.doFilter(FilterChainProxy.java:374)
	at org.springframework.web.filter.OncePerRequestFilter.doFilter(OncePerRequestFilter.java:101)
	at org.springframework.security.web.FilterChainProxy$VirtualFilterChain.doFilter(FilterChainProxy.java:374)
	at org.springframework.web.filter.OncePerRequestFilter.doFilter(OncePerRequestFilter.java:101)
	at org.springframework.security.web.FilterChainProxy$VirtualFilterChain.doFilter(FilterChainProxy.java:374)
	at org.springframework.security.web.FilterChainProxy.doFilterInternal(FilterChainProxy.java:233)
	at org.springframework.security.web.FilterChainProxy.doFilter(FilterChainProxy.java:191)
	at org.springframework.web.filter.CompositeFilter$VirtualFilterChain.doFilter(CompositeFilter.java:113)
	at org.springframework.web.servlet.handler.HandlerMappingIntrospector.lambda$createCacheFilter$3(HandlerMappingIntrospector.java:195)
	at org.springframework.web.filter.CompositeFilter$VirtualFilterChain.doFilter(CompositeFilter.java:113)
	at org.springframework.web.filter.CompositeFilter.doFilter(CompositeFilter.java:74)
	at org.springframework.security.config.annotation.web.configuration.WebMvcSecurityConfiguration$CompositeFilterChainProxy.doFilter(WebMvcSecurityConfiguration.java:230)
	at org.springframework.web.filter.DelegatingFilterProxy.invokeDelegate(DelegatingFilterProxy.java:352)
	at org.springframework.web.filter.DelegatingFilterProxy.doFilter(DelegatingFilterProxy.java:268)
	at org.apache.catalina.core.ApplicationFilterChain.internalDoFilter(ApplicationFilterChain.java:164)
	at org.apache.catalina.core.ApplicationFilterChain.doFilter(ApplicationFilterChain.java:140)
	at org.springframework.web.filter.RequestContextFilter.doFilterInternal(RequestContextFilter.java:100)
	at org.springframework.web.filter.OncePerRequestFilter.doFilter(OncePerRequestFilter.java:116)
	at org.apache.catalina.core.ApplicationFilterChain.internalDoFilter(ApplicationFilterChain.java:164)
	at org.apache.catalina.core.ApplicationFilterChain.doFilter(ApplicationFilterChain.java:140)
	at org.springframework.web.filter.OncePerRequestFilter.doFilter(OncePerRequestFilter.java:101)
	at org.apache.catalina.core.ApplicationFilterChain.internalDoFilter(ApplicationFilterChain.java:164)
	at org.apache.catalina.core.ApplicationFilterChain.doFilter(ApplicationFilterChain.java:140)
	at org.springframework.web.filter.OncePerRequestFilter.doFilter(OncePerRequestFilter.java:101)
	at org.apache.catalina.core.ApplicationFilterChain.internalDoFilter(ApplicationFilterChain.java:164)
	at org.apache.catalina.core.ApplicationFilterChain.doFilter(ApplicationFilterChain.java:140)
	at org.apache.catalina.core.ApplicationDispatcher.invoke(ApplicationDispatcher.java:632)
	at org.apache.catalina.core.ApplicationDispatcher.processRequest(ApplicationDispatcher.java:410)
	at org.apache.catalina.core.ApplicationDispatcher.doForward(ApplicationDispatcher.java:330)
	at org.apache.catalina.core.ApplicationDispatcher.forward(ApplicationDispatcher.java:267)
	at org.apache.catalina.core.StandardHostValve.custom(StandardHostValve.java:362)
	at org.apache.catalina.core.StandardHostValve.status(StandardHostValve.java:222)
	at org.apache.catalina.core.StandardHostValve.invoke(StandardHostValve.java:151)
	at org.apache.catalina.valves.ErrorReportValve.invoke(ErrorReportValve.java:93)
	at org.apache.catalina.core.StandardEngineValve.invoke(StandardEngineValve.java:74)
	at org.apache.catalina.connector.CoyoteAdapter.service(CoyoteAdapter.java:344)
	at org.apache.coyote.http11.Http11Processor.service(Http11Processor.java:384)
	at org.apache.coyote.AbstractProcessorLight.process(AbstractProcessorLight.java:63)
	at org.apache.coyote.AbstractProtocol$ConnectionHandler.process(AbstractProtocol.java:904)
	at org.apache.tomcat.util.net.NioEndpoint$SocketProcessor.doRun(NioEndpoint.java:1741)
	at org.apache.tomcat.util.net.SocketProcessorBase.run(SocketProcessorBase.java:52)
	at org.apache.tomcat.util.threads.ThreadPoolExecutor.runWorker(ThreadPoolExecutor.java:1190)
	at org.apache.tomcat.util.threads.ThreadPoolExecutor$Worker.run(ThreadPoolExecutor.java:659)
	at org.apache.tomcat.util.threads.TaskThread$WrappingRunnable.run(TaskThread.java:63)
	at java.base/java.lang.Thread.run(Thread.java:1570)
Caused by: org.thymeleaf.exceptions.TemplateInputException: Error resolving template [error], template might not exist or might not be accessible by any of the configured Template Resolvers
	at org.thymeleaf.engine.TemplateManager.resolveTemplate(TemplateManager.java:869)
	at org.thymeleaf.engine.TemplateManager.parseAndProcess(TemplateManager.java:607)
	at org.thymeleaf.TemplateEngine.process(TemplateEngine.java:1103)
	at org.thymeleaf.TemplateEngine.process(TemplateEngine.java:1077)
	at org.thymeleaf.spring6.view.ThymeleafView.renderFragment(ThymeleafView.java:372)
	at org.thymeleaf.spring6.view.ThymeleafView.render(ThymeleafView.java:192)
	at org.springframework.web.servlet.DispatcherServlet.render(DispatcherServlet.java:1432)
	at org.springframework.web.servlet.DispatcherServlet.processDispatchResult(DispatcherServlet.java:1168)
	at org.springframework.web.servlet.DispatcherServlet.doDispatch(DispatcherServlet.java:1106)
	at org.springframework.web.servlet.DispatcherServlet.doService(DispatcherServlet.java:979)
	at org.springframework.web.servlet.FrameworkServlet.processRequest(FrameworkServlet.java:1014)
	... 77 common frames omitted
2024-10-30 16:46:45 - Closing JPA EntityManagerFactory for persistence unit 'default'
2024-10-30 16:46:45 - HikariPool-1 - Shutdown initiated...
2024-10-30 16:46:45 - HikariPool-1 - Shutdown completed.
2024-10-30 16:48:24 - Starting FitnessAppApplication using Java 22.0.2 with PID 17328 (C:\Users\milic\IdeaProjects\Fitness-App\target\classes started by milic in C:\Users\milic\IdeaProjects\Fitness-App)
2024-10-30 16:48:24 - No active profile set, falling back to 1 default profile: "default"
2024-10-30 16:48:24 - Bootstrapping Spring Data JPA repositories in DEFAULT mode.
2024-10-30 16:48:24 - Finished Spring Data repository scanning in 44 ms. Found 4 JPA repository interfaces.
2024-10-30 16:48:25 - Tomcat initialized with port 8080 (http)
2024-10-30 16:48:25 - Initializing ProtocolHandler ["http-nio-8080"]
2024-10-30 16:48:25 - Starting service [Tomcat]
2024-10-30 16:48:25 - Starting Servlet engine: [Apache Tomcat/10.1.28]
2024-10-30 16:48:25 - Initializing Spring embedded WebApplicationContext
2024-10-30 16:48:25 - Root WebApplicationContext: initialization completed in 985 ms
2024-10-30 16:48:25 - HikariPool-1 - Starting...
2024-10-30 16:48:25 - HikariPool-1 - Added connection conn0: url=jdbc:h2:mem:testdb user=SA
2024-10-30 16:48:25 - HikariPool-1 - Start completed.
2024-10-30 16:48:25 - H2 console available at '/h2-console'. Database available at 'jdbc:h2:mem:testdb'
2024-10-30 16:48:25 - HHH000204: Processing PersistenceUnitInfo [name: default]
2024-10-30 16:48:25 - HHH000412: Hibernate ORM core version 6.5.2.Final
2024-10-30 16:48:25 - HHH000026: Second-level cache disabled
2024-10-30 16:48:25 - No LoadTimeWeaver setup: ignoring JPA class transformer
2024-10-30 16:48:26 - HHH000489: No JTA platform available (set 'hibernate.transaction.jta.platform' to enable JTA platform integration)
2024-10-30 16:48:26 - Initialized JPA EntityManagerFactory for persistence unit 'default'
2024-10-30 16:48:26 - spring.jpa.open-in-view is enabled by default. Therefore, database queries may be performed during view rendering. Explicitly configure spring.jpa.open-in-view to disable this warning
2024-10-30 16:48:27 - Global AuthenticationManager configured with UserDetailsService bean with name userDetailsService
2024-10-30 16:48:27 - Starting ProtocolHandler ["http-nio-8080"]
2024-10-30 16:48:27 - Tomcat started on port 8080 (http) with context path '/'
2024-10-30 16:48:27 - Started FitnessAppApplication in 3.795 seconds (process running for 4.267)
2024-10-30 16:48:33 - Initializing Spring DispatcherServlet 'dispatcherServlet'
2024-10-30 16:48:33 - Initializing Servlet 'dispatcherServlet'
2024-10-30 16:48:33 - Completed initialization in 0 ms
2024-10-30 16:50:24 - Closing JPA EntityManagerFactory for persistence unit 'default'
2024-10-30 16:50:24 - HikariPool-1 - Shutdown initiated...
2024-10-30 16:50:24 - HikariPool-1 - Shutdown completed.
2024-10-30 16:50:30 - Starting FitnessAppApplication using Java 22.0.2 with PID 10740 (C:\Users\milic\IdeaProjects\Fitness-App\target\classes started by milic in C:\Users\milic\IdeaProjects\Fitness-App)
2024-10-30 16:50:30 - No active profile set, falling back to 1 default profile: "default"
2024-10-30 16:50:31 - Bootstrapping Spring Data JPA repositories in DEFAULT mode.
2024-10-30 16:50:31 - Finished Spring Data repository scanning in 37 ms. Found 4 JPA repository interfaces.
2024-10-30 16:50:31 - Tomcat initialized with port 8080 (http)
2024-10-30 16:50:31 - Initializing ProtocolHandler ["http-nio-8080"]
2024-10-30 16:50:31 - Starting service [Tomcat]
2024-10-30 16:50:31 - Starting Servlet engine: [Apache Tomcat/10.1.28]
2024-10-30 16:50:31 - Initializing Spring embedded WebApplicationContext
2024-10-30 16:50:31 - Root WebApplicationContext: initialization completed in 1026 ms
2024-10-30 16:50:31 - HikariPool-1 - Starting...
2024-10-30 16:50:31 - HikariPool-1 - Added connection conn0: url=jdbc:h2:mem:testdb user=SA
2024-10-30 16:50:31 - HikariPool-1 - Start completed.
2024-10-30 16:50:31 - H2 console available at '/h2-console'. Database available at 'jdbc:h2:mem:testdb'
2024-10-30 16:50:31 - HHH000204: Processing PersistenceUnitInfo [name: default]
2024-10-30 16:50:31 - HHH000412: Hibernate ORM core version 6.5.2.Final
2024-10-30 16:50:31 - HHH000026: Second-level cache disabled
2024-10-30 16:50:32 - No LoadTimeWeaver setup: ignoring JPA class transformer
2024-10-30 16:50:32 - HHH000489: No JTA platform available (set 'hibernate.transaction.jta.platform' to enable JTA platform integration)
2024-10-30 16:50:32 - Initialized JPA EntityManagerFactory for persistence unit 'default'
2024-10-30 16:50:33 - spring.jpa.open-in-view is enabled by default. Therefore, database queries may be performed during view rendering. Explicitly configure spring.jpa.open-in-view to disable this warning
2024-10-30 16:50:33 - Global AuthenticationManager configured with UserDetailsService bean with name userDetailsService
2024-10-30 16:50:33 - Starting ProtocolHandler ["http-nio-8080"]
2024-10-30 16:50:33 - Tomcat started on port 8080 (http) with context path '/'
2024-10-30 16:50:33 - Started FitnessAppApplication in 3.758 seconds (process running for 4.245)
2024-10-30 16:50:38 - Initializing Spring DispatcherServlet 'dispatcherServlet'
2024-10-30 16:50:38 - Initializing Servlet 'dispatcherServlet'
2024-10-30 16:50:38 - Completed initialization in 7 ms
2024-10-30 16:51:49 - [THYMELEAF][http-nio-8080-exec-1] Exception processing template "error": Error resolving template [error], template might not exist or might not be accessible by any of the configured Template Resolvers
org.thymeleaf.exceptions.TemplateInputException: Error resolving template [error], template might not exist or might not be accessible by any of the configured Template Resolvers
	at org.thymeleaf.engine.TemplateManager.resolveTemplate(TemplateManager.java:869)
	at org.thymeleaf.engine.TemplateManager.parseAndProcess(TemplateManager.java:607)
	at org.thymeleaf.TemplateEngine.process(TemplateEngine.java:1103)
	at org.thymeleaf.TemplateEngine.process(TemplateEngine.java:1077)
	at org.thymeleaf.spring6.view.ThymeleafView.renderFragment(ThymeleafView.java:372)
	at org.thymeleaf.spring6.view.ThymeleafView.render(ThymeleafView.java:192)
	at org.springframework.web.servlet.DispatcherServlet.render(DispatcherServlet.java:1432)
	at org.springframework.web.servlet.DispatcherServlet.processDispatchResult(DispatcherServlet.java:1168)
	at org.springframework.web.servlet.DispatcherServlet.doDispatch(DispatcherServlet.java:1106)
	at org.springframework.web.servlet.DispatcherServlet.doService(DispatcherServlet.java:979)
	at org.springframework.web.servlet.FrameworkServlet.processRequest(FrameworkServlet.java:1014)
	at org.springframework.web.servlet.FrameworkServlet.doPost(FrameworkServlet.java:914)
	at jakarta.servlet.http.HttpServlet.service(HttpServlet.java:590)
	at org.springframework.web.servlet.FrameworkServlet.service(FrameworkServlet.java:885)
	at jakarta.servlet.http.HttpServlet.service(HttpServlet.java:658)
	at org.apache.catalina.core.ApplicationFilterChain.internalDoFilter(ApplicationFilterChain.java:195)
	at org.apache.catalina.core.ApplicationFilterChain.doFilter(ApplicationFilterChain.java:140)
	at org.springframework.web.filter.CompositeFilter$VirtualFilterChain.doFilter(CompositeFilter.java:108)
	at org.springframework.security.web.FilterChainProxy.lambda$doFilterInternal$3(FilterChainProxy.java:231)
	at org.springframework.security.web.FilterChainProxy$VirtualFilterChain.doFilter(FilterChainProxy.java:365)
	at org.springframework.security.web.access.intercept.AuthorizationFilter.doFilter(AuthorizationFilter.java:100)
	at org.springframework.security.web.FilterChainProxy$VirtualFilterChain.doFilter(FilterChainProxy.java:374)
	at org.springframework.security.web.access.ExceptionTranslationFilter.doFilter(ExceptionTranslationFilter.java:126)
	at org.springframework.security.web.access.ExceptionTranslationFilter.doFilter(ExceptionTranslationFilter.java:120)
	at org.springframework.security.web.FilterChainProxy$VirtualFilterChain.doFilter(FilterChainProxy.java:374)
	at org.springframework.security.web.authentication.AnonymousAuthenticationFilter.doFilter(AnonymousAuthenticationFilter.java:100)
	at org.springframework.security.web.FilterChainProxy$VirtualFilterChain.doFilter(FilterChainProxy.java:374)
	at org.springframework.security.web.servletapi.SecurityContextHolderAwareRequestFilter.doFilter(SecurityContextHolderAwareRequestFilter.java:179)
	at org.springframework.security.web.FilterChainProxy$VirtualFilterChain.doFilter(FilterChainProxy.java:374)
	at org.springframework.security.web.savedrequest.RequestCacheAwareFilter.doFilter(RequestCacheAwareFilter.java:63)
	at org.springframework.security.web.FilterChainProxy$VirtualFilterChain.doFilter(FilterChainProxy.java:374)
	at org.springframework.security.web.authentication.AbstractAuthenticationProcessingFilter.doFilter(AbstractAuthenticationProcessingFilter.java:227)
	at org.springframework.security.web.authentication.AbstractAuthenticationProcessingFilter.doFilter(AbstractAuthenticationProcessingFilter.java:221)
	at org.springframework.security.web.FilterChainProxy$VirtualFilterChain.doFilter(FilterChainProxy.java:374)
	at org.springframework.security.web.authentication.logout.LogoutFilter.doFilter(LogoutFilter.java:107)
	at org.springframework.security.web.authentication.logout.LogoutFilter.doFilter(LogoutFilter.java:93)
	at org.springframework.security.web.FilterChainProxy$VirtualFilterChain.doFilter(FilterChainProxy.java:374)
	at org.springframework.web.filter.OncePerRequestFilter.doFilter(OncePerRequestFilter.java:101)
	at org.springframework.security.web.FilterChainProxy$VirtualFilterChain.doFilter(FilterChainProxy.java:374)
	at org.springframework.web.filter.OncePerRequestFilter.doFilter(OncePerRequestFilter.java:101)
	at org.springframework.security.web.FilterChainProxy$VirtualFilterChain.doFilter(FilterChainProxy.java:374)
	at org.springframework.security.web.context.SecurityContextHolderFilter.doFilter(SecurityContextHolderFilter.java:82)
	at org.springframework.security.web.context.SecurityContextHolderFilter.doFilter(SecurityContextHolderFilter.java:69)
	at org.springframework.security.web.FilterChainProxy$VirtualFilterChain.doFilter(FilterChainProxy.java:374)
	at org.springframework.web.filter.OncePerRequestFilter.doFilter(OncePerRequestFilter.java:101)
	at org.springframework.security.web.FilterChainProxy$VirtualFilterChain.doFilter(FilterChainProxy.java:374)
	at org.springframework.web.filter.OncePerRequestFilter.doFilter(OncePerRequestFilter.java:101)
	at org.springframework.security.web.FilterChainProxy$VirtualFilterChain.doFilter(FilterChainProxy.java:374)
	at org.springframework.security.web.FilterChainProxy.doFilterInternal(FilterChainProxy.java:233)
	at org.springframework.security.web.FilterChainProxy.doFilter(FilterChainProxy.java:191)
	at org.springframework.web.filter.CompositeFilter$VirtualFilterChain.doFilter(CompositeFilter.java:113)
	at org.springframework.web.servlet.handler.HandlerMappingIntrospector.lambda$createCacheFilter$3(HandlerMappingIntrospector.java:195)
	at org.springframework.web.filter.CompositeFilter$VirtualFilterChain.doFilter(CompositeFilter.java:113)
	at org.springframework.web.filter.CompositeFilter.doFilter(CompositeFilter.java:74)
	at org.springframework.security.config.annotation.web.configuration.WebMvcSecurityConfiguration$CompositeFilterChainProxy.doFilter(WebMvcSecurityConfiguration.java:230)
	at org.springframework.web.filter.DelegatingFilterProxy.invokeDelegate(DelegatingFilterProxy.java:352)
	at org.springframework.web.filter.DelegatingFilterProxy.doFilter(DelegatingFilterProxy.java:268)
	at org.apache.catalina.core.ApplicationFilterChain.internalDoFilter(ApplicationFilterChain.java:164)
	at org.apache.catalina.core.ApplicationFilterChain.doFilter(ApplicationFilterChain.java:140)
	at org.springframework.web.filter.RequestContextFilter.doFilterInternal(RequestContextFilter.java:100)
	at org.springframework.web.filter.OncePerRequestFilter.doFilter(OncePerRequestFilter.java:116)
	at org.apache.catalina.core.ApplicationFilterChain.internalDoFilter(ApplicationFilterChain.java:164)
	at org.apache.catalina.core.ApplicationFilterChain.doFilter(ApplicationFilterChain.java:140)
	at org.springframework.web.filter.OncePerRequestFilter.doFilter(OncePerRequestFilter.java:101)
	at org.apache.catalina.core.ApplicationFilterChain.internalDoFilter(ApplicationFilterChain.java:164)
	at org.apache.catalina.core.ApplicationFilterChain.doFilter(ApplicationFilterChain.java:140)
	at org.springframework.web.filter.OncePerRequestFilter.doFilter(OncePerRequestFilter.java:101)
	at org.apache.catalina.core.ApplicationFilterChain.internalDoFilter(ApplicationFilterChain.java:164)
	at org.apache.catalina.core.ApplicationFilterChain.doFilter(ApplicationFilterChain.java:140)
	at org.apache.catalina.core.ApplicationDispatcher.invoke(ApplicationDispatcher.java:632)
	at org.apache.catalina.core.ApplicationDispatcher.processRequest(ApplicationDispatcher.java:410)
	at org.apache.catalina.core.ApplicationDispatcher.doForward(ApplicationDispatcher.java:330)
	at org.apache.catalina.core.ApplicationDispatcher.forward(ApplicationDispatcher.java:267)
	at org.apache.catalina.core.StandardHostValve.custom(StandardHostValve.java:362)
	at org.apache.catalina.core.StandardHostValve.status(StandardHostValve.java:222)
	at org.apache.catalina.core.StandardHostValve.invoke(StandardHostValve.java:151)
	at org.apache.catalina.valves.ErrorReportValve.invoke(ErrorReportValve.java:93)
	at org.apache.catalina.core.StandardEngineValve.invoke(StandardEngineValve.java:74)
	at org.apache.catalina.connector.CoyoteAdapter.service(CoyoteAdapter.java:344)
	at org.apache.coyote.http11.Http11Processor.service(Http11Processor.java:384)
	at org.apache.coyote.AbstractProcessorLight.process(AbstractProcessorLight.java:63)
	at org.apache.coyote.AbstractProtocol$ConnectionHandler.process(AbstractProtocol.java:904)
	at org.apache.tomcat.util.net.NioEndpoint$SocketProcessor.doRun(NioEndpoint.java:1741)
	at org.apache.tomcat.util.net.SocketProcessorBase.run(SocketProcessorBase.java:52)
	at org.apache.tomcat.util.threads.ThreadPoolExecutor.runWorker(ThreadPoolExecutor.java:1190)
	at org.apache.tomcat.util.threads.ThreadPoolExecutor$Worker.run(ThreadPoolExecutor.java:659)
	at org.apache.tomcat.util.threads.TaskThread$WrappingRunnable.run(TaskThread.java:63)
	at java.base/java.lang.Thread.run(Thread.java:1570)
2024-10-30 16:51:49 - Servlet.service() for servlet [dispatcherServlet] threw exception
org.thymeleaf.exceptions.TemplateInputException: Error resolving template [error], template might not exist or might not be accessible by any of the configured Template Resolvers
	at org.thymeleaf.engine.TemplateManager.resolveTemplate(TemplateManager.java:869)
	at org.thymeleaf.engine.TemplateManager.parseAndProcess(TemplateManager.java:607)
	at org.thymeleaf.TemplateEngine.process(TemplateEngine.java:1103)
	at org.thymeleaf.TemplateEngine.process(TemplateEngine.java:1077)
	at org.thymeleaf.spring6.view.ThymeleafView.renderFragment(ThymeleafView.java:372)
	at org.thymeleaf.spring6.view.ThymeleafView.render(ThymeleafView.java:192)
	at org.springframework.web.servlet.DispatcherServlet.render(DispatcherServlet.java:1432)
	at org.springframework.web.servlet.DispatcherServlet.processDispatchResult(DispatcherServlet.java:1168)
	at org.springframework.web.servlet.DispatcherServlet.doDispatch(DispatcherServlet.java:1106)
	at org.springframework.web.servlet.DispatcherServlet.doService(DispatcherServlet.java:979)
	at org.springframework.web.servlet.FrameworkServlet.processRequest(FrameworkServlet.java:1014)
	at org.springframework.web.servlet.FrameworkServlet.doPost(FrameworkServlet.java:914)
	at jakarta.servlet.http.HttpServlet.service(HttpServlet.java:590)
	at org.springframework.web.servlet.FrameworkServlet.service(FrameworkServlet.java:885)
	at jakarta.servlet.http.HttpServlet.service(HttpServlet.java:658)
	at org.apache.catalina.core.ApplicationFilterChain.internalDoFilter(ApplicationFilterChain.java:195)
	at org.apache.catalina.core.ApplicationFilterChain.doFilter(ApplicationFilterChain.java:140)
	at org.springframework.web.filter.CompositeFilter$VirtualFilterChain.doFilter(CompositeFilter.java:108)
	at org.springframework.security.web.FilterChainProxy.lambda$doFilterInternal$3(FilterChainProxy.java:231)
	at org.springframework.security.web.FilterChainProxy$VirtualFilterChain.doFilter(FilterChainProxy.java:365)
	at org.springframework.security.web.access.intercept.AuthorizationFilter.doFilter(AuthorizationFilter.java:100)
	at org.springframework.security.web.FilterChainProxy$VirtualFilterChain.doFilter(FilterChainProxy.java:374)
	at org.springframework.security.web.access.ExceptionTranslationFilter.doFilter(ExceptionTranslationFilter.java:126)
	at org.springframework.security.web.access.ExceptionTranslationFilter.doFilter(ExceptionTranslationFilter.java:120)
	at org.springframework.security.web.FilterChainProxy$VirtualFilterChain.doFilter(FilterChainProxy.java:374)
	at org.springframework.security.web.authentication.AnonymousAuthenticationFilter.doFilter(AnonymousAuthenticationFilter.java:100)
	at org.springframework.security.web.FilterChainProxy$VirtualFilterChain.doFilter(FilterChainProxy.java:374)
	at org.springframework.security.web.servletapi.SecurityContextHolderAwareRequestFilter.doFilter(SecurityContextHolderAwareRequestFilter.java:179)
	at org.springframework.security.web.FilterChainProxy$VirtualFilterChain.doFilter(FilterChainProxy.java:374)
	at org.springframework.security.web.savedrequest.RequestCacheAwareFilter.doFilter(RequestCacheAwareFilter.java:63)
	at org.springframework.security.web.FilterChainProxy$VirtualFilterChain.doFilter(FilterChainProxy.java:374)
	at org.springframework.security.web.authentication.AbstractAuthenticationProcessingFilter.doFilter(AbstractAuthenticationProcessingFilter.java:227)
	at org.springframework.security.web.authentication.AbstractAuthenticationProcessingFilter.doFilter(AbstractAuthenticationProcessingFilter.java:221)
	at org.springframework.security.web.FilterChainProxy$VirtualFilterChain.doFilter(FilterChainProxy.java:374)
	at org.springframework.security.web.authentication.logout.LogoutFilter.doFilter(LogoutFilter.java:107)
	at org.springframework.security.web.authentication.logout.LogoutFilter.doFilter(LogoutFilter.java:93)
	at org.springframework.security.web.FilterChainProxy$VirtualFilterChain.doFilter(FilterChainProxy.java:374)
	at org.springframework.web.filter.OncePerRequestFilter.doFilter(OncePerRequestFilter.java:101)
	at org.springframework.security.web.FilterChainProxy$VirtualFilterChain.doFilter(FilterChainProxy.java:374)
	at org.springframework.web.filter.OncePerRequestFilter.doFilter(OncePerRequestFilter.java:101)
	at org.springframework.security.web.FilterChainProxy$VirtualFilterChain.doFilter(FilterChainProxy.java:374)
	at org.springframework.security.web.context.SecurityContextHolderFilter.doFilter(SecurityContextHolderFilter.java:82)
	at org.springframework.security.web.context.SecurityContextHolderFilter.doFilter(SecurityContextHolderFilter.java:69)
	at org.springframework.security.web.FilterChainProxy$VirtualFilterChain.doFilter(FilterChainProxy.java:374)
	at org.springframework.web.filter.OncePerRequestFilter.doFilter(OncePerRequestFilter.java:101)
	at org.springframework.security.web.FilterChainProxy$VirtualFilterChain.doFilter(FilterChainProxy.java:374)
	at org.springframework.web.filter.OncePerRequestFilter.doFilter(OncePerRequestFilter.java:101)
	at org.springframework.security.web.FilterChainProxy$VirtualFilterChain.doFilter(FilterChainProxy.java:374)
	at org.springframework.security.web.FilterChainProxy.doFilterInternal(FilterChainProxy.java:233)
	at org.springframework.security.web.FilterChainProxy.doFilter(FilterChainProxy.java:191)
	at org.springframework.web.filter.CompositeFilter$VirtualFilterChain.doFilter(CompositeFilter.java:113)
	at org.springframework.web.servlet.handler.HandlerMappingIntrospector.lambda$createCacheFilter$3(HandlerMappingIntrospector.java:195)
	at org.springframework.web.filter.CompositeFilter$VirtualFilterChain.doFilter(CompositeFilter.java:113)
	at org.springframework.web.filter.CompositeFilter.doFilter(CompositeFilter.java:74)
	at org.springframework.security.config.annotation.web.configuration.WebMvcSecurityConfiguration$CompositeFilterChainProxy.doFilter(WebMvcSecurityConfiguration.java:230)
	at org.springframework.web.filter.DelegatingFilterProxy.invokeDelegate(DelegatingFilterProxy.java:352)
	at org.springframework.web.filter.DelegatingFilterProxy.doFilter(DelegatingFilterProxy.java:268)
	at org.apache.catalina.core.ApplicationFilterChain.internalDoFilter(ApplicationFilterChain.java:164)
	at org.apache.catalina.core.ApplicationFilterChain.doFilter(ApplicationFilterChain.java:140)
	at org.springframework.web.filter.RequestContextFilter.doFilterInternal(RequestContextFilter.java:100)
	at org.springframework.web.filter.OncePerRequestFilter.doFilter(OncePerRequestFilter.java:116)
	at org.apache.catalina.core.ApplicationFilterChain.internalDoFilter(ApplicationFilterChain.java:164)
	at org.apache.catalina.core.ApplicationFilterChain.doFilter(ApplicationFilterChain.java:140)
	at org.springframework.web.filter.OncePerRequestFilter.doFilter(OncePerRequestFilter.java:101)
	at org.apache.catalina.core.ApplicationFilterChain.internalDoFilter(ApplicationFilterChain.java:164)
	at org.apache.catalina.core.ApplicationFilterChain.doFilter(ApplicationFilterChain.java:140)
	at org.springframework.web.filter.OncePerRequestFilter.doFilter(OncePerRequestFilter.java:101)
	at org.apache.catalina.core.ApplicationFilterChain.internalDoFilter(ApplicationFilterChain.java:164)
	at org.apache.catalina.core.ApplicationFilterChain.doFilter(ApplicationFilterChain.java:140)
	at org.apache.catalina.core.ApplicationDispatcher.invoke(ApplicationDispatcher.java:632)
	at org.apache.catalina.core.ApplicationDispatcher.processRequest(ApplicationDispatcher.java:410)
	at org.apache.catalina.core.ApplicationDispatcher.doForward(ApplicationDispatcher.java:330)
	at org.apache.catalina.core.ApplicationDispatcher.forward(ApplicationDispatcher.java:267)
	at org.apache.catalina.core.StandardHostValve.custom(StandardHostValve.java:362)
	at org.apache.catalina.core.StandardHostValve.status(StandardHostValve.java:222)
	at org.apache.catalina.core.StandardHostValve.invoke(StandardHostValve.java:151)
	at org.apache.catalina.valves.ErrorReportValve.invoke(ErrorReportValve.java:93)
	at org.apache.catalina.core.StandardEngineValve.invoke(StandardEngineValve.java:74)
	at org.apache.catalina.connector.CoyoteAdapter.service(CoyoteAdapter.java:344)
	at org.apache.coyote.http11.Http11Processor.service(Http11Processor.java:384)
	at org.apache.coyote.AbstractProcessorLight.process(AbstractProcessorLight.java:63)
	at org.apache.coyote.AbstractProtocol$ConnectionHandler.process(AbstractProtocol.java:904)
	at org.apache.tomcat.util.net.NioEndpoint$SocketProcessor.doRun(NioEndpoint.java:1741)
	at org.apache.tomcat.util.net.SocketProcessorBase.run(SocketProcessorBase.java:52)
	at org.apache.tomcat.util.threads.ThreadPoolExecutor.runWorker(ThreadPoolExecutor.java:1190)
	at org.apache.tomcat.util.threads.ThreadPoolExecutor$Worker.run(ThreadPoolExecutor.java:659)
	at org.apache.tomcat.util.threads.TaskThread$WrappingRunnable.run(TaskThread.java:63)
	at java.base/java.lang.Thread.run(Thread.java:1570)
2024-10-30 16:51:49 - Exception Processing [ErrorPage[errorCode=0, location=/error]]
jakarta.servlet.ServletException: Request processing failed: org.thymeleaf.exceptions.TemplateInputException: Error resolving template [error], template might not exist or might not be accessible by any of the configured Template Resolvers
	at org.springframework.web.servlet.FrameworkServlet.processRequest(FrameworkServlet.java:1022)
	at org.springframework.web.servlet.FrameworkServlet.doPost(FrameworkServlet.java:914)
	at jakarta.servlet.http.HttpServlet.service(HttpServlet.java:590)
	at org.springframework.web.servlet.FrameworkServlet.service(FrameworkServlet.java:885)
	at jakarta.servlet.http.HttpServlet.service(HttpServlet.java:658)
	at org.apache.catalina.core.ApplicationFilterChain.internalDoFilter(ApplicationFilterChain.java:195)
	at org.apache.catalina.core.ApplicationFilterChain.doFilter(ApplicationFilterChain.java:140)
	at org.springframework.web.filter.CompositeFilter$VirtualFilterChain.doFilter(CompositeFilter.java:108)
	at org.springframework.security.web.FilterChainProxy.lambda$doFilterInternal$3(FilterChainProxy.java:231)
	at org.springframework.security.web.FilterChainProxy$VirtualFilterChain.doFilter(FilterChainProxy.java:365)
	at org.springframework.security.web.access.intercept.AuthorizationFilter.doFilter(AuthorizationFilter.java:100)
	at org.springframework.security.web.FilterChainProxy$VirtualFilterChain.doFilter(FilterChainProxy.java:374)
	at org.springframework.security.web.access.ExceptionTranslationFilter.doFilter(ExceptionTranslationFilter.java:126)
	at org.springframework.security.web.access.ExceptionTranslationFilter.doFilter(ExceptionTranslationFilter.java:120)
	at org.springframework.security.web.FilterChainProxy$VirtualFilterChain.doFilter(FilterChainProxy.java:374)
	at org.springframework.security.web.authentication.AnonymousAuthenticationFilter.doFilter(AnonymousAuthenticationFilter.java:100)
	at org.springframework.security.web.FilterChainProxy$VirtualFilterChain.doFilter(FilterChainProxy.java:374)
	at org.springframework.security.web.servletapi.SecurityContextHolderAwareRequestFilter.doFilter(SecurityContextHolderAwareRequestFilter.java:179)
	at org.springframework.security.web.FilterChainProxy$VirtualFilterChain.doFilter(FilterChainProxy.java:374)
	at org.springframework.security.web.savedrequest.RequestCacheAwareFilter.doFilter(RequestCacheAwareFilter.java:63)
	at org.springframework.security.web.FilterChainProxy$VirtualFilterChain.doFilter(FilterChainProxy.java:374)
	at org.springframework.security.web.authentication.AbstractAuthenticationProcessingFilter.doFilter(AbstractAuthenticationProcessingFilter.java:227)
	at org.springframework.security.web.authentication.AbstractAuthenticationProcessingFilter.doFilter(AbstractAuthenticationProcessingFilter.java:221)
	at org.springframework.security.web.FilterChainProxy$VirtualFilterChain.doFilter(FilterChainProxy.java:374)
	at org.springframework.security.web.authentication.logout.LogoutFilter.doFilter(LogoutFilter.java:107)
	at org.springframework.security.web.authentication.logout.LogoutFilter.doFilter(LogoutFilter.java:93)
	at org.springframework.security.web.FilterChainProxy$VirtualFilterChain.doFilter(FilterChainProxy.java:374)
	at org.springframework.web.filter.OncePerRequestFilter.doFilter(OncePerRequestFilter.java:101)
	at org.springframework.security.web.FilterChainProxy$VirtualFilterChain.doFilter(FilterChainProxy.java:374)
	at org.springframework.web.filter.OncePerRequestFilter.doFilter(OncePerRequestFilter.java:101)
	at org.springframework.security.web.FilterChainProxy$VirtualFilterChain.doFilter(FilterChainProxy.java:374)
	at org.springframework.security.web.context.SecurityContextHolderFilter.doFilter(SecurityContextHolderFilter.java:82)
	at org.springframework.security.web.context.SecurityContextHolderFilter.doFilter(SecurityContextHolderFilter.java:69)
	at org.springframework.security.web.FilterChainProxy$VirtualFilterChain.doFilter(FilterChainProxy.java:374)
	at org.springframework.web.filter.OncePerRequestFilter.doFilter(OncePerRequestFilter.java:101)
	at org.springframework.security.web.FilterChainProxy$VirtualFilterChain.doFilter(FilterChainProxy.java:374)
	at org.springframework.web.filter.OncePerRequestFilter.doFilter(OncePerRequestFilter.java:101)
	at org.springframework.security.web.FilterChainProxy$VirtualFilterChain.doFilter(FilterChainProxy.java:374)
	at org.springframework.security.web.FilterChainProxy.doFilterInternal(FilterChainProxy.java:233)
	at org.springframework.security.web.FilterChainProxy.doFilter(FilterChainProxy.java:191)
	at org.springframework.web.filter.CompositeFilter$VirtualFilterChain.doFilter(CompositeFilter.java:113)
	at org.springframework.web.servlet.handler.HandlerMappingIntrospector.lambda$createCacheFilter$3(HandlerMappingIntrospector.java:195)
	at org.springframework.web.filter.CompositeFilter$VirtualFilterChain.doFilter(CompositeFilter.java:113)
	at org.springframework.web.filter.CompositeFilter.doFilter(CompositeFilter.java:74)
	at org.springframework.security.config.annotation.web.configuration.WebMvcSecurityConfiguration$CompositeFilterChainProxy.doFilter(WebMvcSecurityConfiguration.java:230)
	at org.springframework.web.filter.DelegatingFilterProxy.invokeDelegate(DelegatingFilterProxy.java:352)
	at org.springframework.web.filter.DelegatingFilterProxy.doFilter(DelegatingFilterProxy.java:268)
	at org.apache.catalina.core.ApplicationFilterChain.internalDoFilter(ApplicationFilterChain.java:164)
	at org.apache.catalina.core.ApplicationFilterChain.doFilter(ApplicationFilterChain.java:140)
	at org.springframework.web.filter.RequestContextFilter.doFilterInternal(RequestContextFilter.java:100)
	at org.springframework.web.filter.OncePerRequestFilter.doFilter(OncePerRequestFilter.java:116)
	at org.apache.catalina.core.ApplicationFilterChain.internalDoFilter(ApplicationFilterChain.java:164)
	at org.apache.catalina.core.ApplicationFilterChain.doFilter(ApplicationFilterChain.java:140)
	at org.springframework.web.filter.OncePerRequestFilter.doFilter(OncePerRequestFilter.java:101)
	at org.apache.catalina.core.ApplicationFilterChain.internalDoFilter(ApplicationFilterChain.java:164)
	at org.apache.catalina.core.ApplicationFilterChain.doFilter(ApplicationFilterChain.java:140)
	at org.springframework.web.filter.OncePerRequestFilter.doFilter(OncePerRequestFilter.java:101)
	at org.apache.catalina.core.ApplicationFilterChain.internalDoFilter(ApplicationFilterChain.java:164)
	at org.apache.catalina.core.ApplicationFilterChain.doFilter(ApplicationFilterChain.java:140)
	at org.apache.catalina.core.ApplicationDispatcher.invoke(ApplicationDispatcher.java:632)
	at org.apache.catalina.core.ApplicationDispatcher.processRequest(ApplicationDispatcher.java:410)
	at org.apache.catalina.core.ApplicationDispatcher.doForward(ApplicationDispatcher.java:330)
	at org.apache.catalina.core.ApplicationDispatcher.forward(ApplicationDispatcher.java:267)
	at org.apache.catalina.core.StandardHostValve.custom(StandardHostValve.java:362)
	at org.apache.catalina.core.StandardHostValve.status(StandardHostValve.java:222)
	at org.apache.catalina.core.StandardHostValve.invoke(StandardHostValve.java:151)
	at org.apache.catalina.valves.ErrorReportValve.invoke(ErrorReportValve.java:93)
	at org.apache.catalina.core.StandardEngineValve.invoke(StandardEngineValve.java:74)
	at org.apache.catalina.connector.CoyoteAdapter.service(CoyoteAdapter.java:344)
	at org.apache.coyote.http11.Http11Processor.service(Http11Processor.java:384)
	at org.apache.coyote.AbstractProcessorLight.process(AbstractProcessorLight.java:63)
	at org.apache.coyote.AbstractProtocol$ConnectionHandler.process(AbstractProtocol.java:904)
	at org.apache.tomcat.util.net.NioEndpoint$SocketProcessor.doRun(NioEndpoint.java:1741)
	at org.apache.tomcat.util.net.SocketProcessorBase.run(SocketProcessorBase.java:52)
	at org.apache.tomcat.util.threads.ThreadPoolExecutor.runWorker(ThreadPoolExecutor.java:1190)
	at org.apache.tomcat.util.threads.ThreadPoolExecutor$Worker.run(ThreadPoolExecutor.java:659)
	at org.apache.tomcat.util.threads.TaskThread$WrappingRunnable.run(TaskThread.java:63)
	at java.base/java.lang.Thread.run(Thread.java:1570)
Caused by: org.thymeleaf.exceptions.TemplateInputException: Error resolving template [error], template might not exist or might not be accessible by any of the configured Template Resolvers
	at org.thymeleaf.engine.TemplateManager.resolveTemplate(TemplateManager.java:869)
	at org.thymeleaf.engine.TemplateManager.parseAndProcess(TemplateManager.java:607)
	at org.thymeleaf.TemplateEngine.process(TemplateEngine.java:1103)
	at org.thymeleaf.TemplateEngine.process(TemplateEngine.java:1077)
	at org.thymeleaf.spring6.view.ThymeleafView.renderFragment(ThymeleafView.java:372)
	at org.thymeleaf.spring6.view.ThymeleafView.render(ThymeleafView.java:192)
	at org.springframework.web.servlet.DispatcherServlet.render(DispatcherServlet.java:1432)
	at org.springframework.web.servlet.DispatcherServlet.processDispatchResult(DispatcherServlet.java:1168)
	at org.springframework.web.servlet.DispatcherServlet.doDispatch(DispatcherServlet.java:1106)
	at org.springframework.web.servlet.DispatcherServlet.doService(DispatcherServlet.java:979)
	at org.springframework.web.servlet.FrameworkServlet.processRequest(FrameworkServlet.java:1014)
	... 77 common frames omitted
2024-10-30 16:52:14 - Closing JPA EntityManagerFactory for persistence unit 'default'
2024-10-30 16:52:14 - HikariPool-1 - Shutdown initiated...
2024-10-30 16:52:14 - HikariPool-1 - Shutdown completed.
2024-10-30 16:52:19 - Starting FitnessAppApplication using Java 22.0.2 with PID 13240 (C:\Users\milic\IdeaProjects\Fitness-App\target\classes started by milic in C:\Users\milic\IdeaProjects\Fitness-App)
2024-10-30 16:52:19 - No active profile set, falling back to 1 default profile: "default"
2024-10-30 16:52:19 - Bootstrapping Spring Data JPA repositories in DEFAULT mode.
2024-10-30 16:52:19 - Finished Spring Data repository scanning in 43 ms. Found 4 JPA repository interfaces.
2024-10-30 16:52:20 - Tomcat initialized with port 8080 (http)
2024-10-30 16:52:20 - Initializing ProtocolHandler ["http-nio-8080"]
2024-10-30 16:52:20 - Starting service [Tomcat]
2024-10-30 16:52:20 - Starting Servlet engine: [Apache Tomcat/10.1.28]
2024-10-30 16:52:20 - Initializing Spring embedded WebApplicationContext
2024-10-30 16:52:20 - Root WebApplicationContext: initialization completed in 922 ms
2024-10-30 16:52:20 - HikariPool-1 - Starting...
2024-10-30 16:52:20 - HikariPool-1 - Added connection conn0: url=jdbc:h2:mem:testdb user=SA
2024-10-30 16:52:20 - HikariPool-1 - Start completed.
2024-10-30 16:52:20 - H2 console available at '/h2-console'. Database available at 'jdbc:h2:mem:testdb'
2024-10-30 16:52:20 - HHH000204: Processing PersistenceUnitInfo [name: default]
2024-10-30 16:52:20 - HHH000412: Hibernate ORM core version 6.5.2.Final
2024-10-30 16:52:20 - HHH000026: Second-level cache disabled
2024-10-30 16:52:20 - No LoadTimeWeaver setup: ignoring JPA class transformer
2024-10-30 16:52:21 - HHH000489: No JTA platform available (set 'hibernate.transaction.jta.platform' to enable JTA platform integration)
2024-10-30 16:52:21 - Initialized JPA EntityManagerFactory for persistence unit 'default'
2024-10-30 16:52:21 - spring.jpa.open-in-view is enabled by default. Therefore, database queries may be performed during view rendering. Explicitly configure spring.jpa.open-in-view to disable this warning
2024-10-30 16:52:22 - Global AuthenticationManager configured with UserDetailsService bean with name userDetailsService
2024-10-30 16:52:22 - Starting ProtocolHandler ["http-nio-8080"]
2024-10-30 16:52:22 - Tomcat started on port 8080 (http) with context path '/'
2024-10-30 16:52:22 - Started FitnessAppApplication in 3.7 seconds (process running for 4.175)
2024-10-30 16:52:29 - Initializing Spring DispatcherServlet 'dispatcherServlet'
2024-10-30 16:52:29 - Initializing Servlet 'dispatcherServlet'
2024-10-30 16:52:29 - Completed initialization in 0 ms
2024-10-30 16:53:01 - Closing JPA EntityManagerFactory for persistence unit 'default'
2024-10-30 16:53:01 - HikariPool-1 - Shutdown initiated...
2024-10-30 16:53:01 - HikariPool-1 - Shutdown completed.
2024-10-30 16:53:08 - Starting FitnessAppApplication using Java 22.0.2 with PID 10348 (C:\Users\milic\IdeaProjects\Fitness-App\target\classes started by milic in C:\Users\milic\IdeaProjects\Fitness-App)
2024-10-30 16:53:08 - No active profile set, falling back to 1 default profile: "default"
2024-10-30 16:53:09 - Bootstrapping Spring Data JPA repositories in DEFAULT mode.
2024-10-30 16:53:09 - Finished Spring Data repository scanning in 47 ms. Found 4 JPA repository interfaces.
2024-10-30 16:53:09 - Tomcat initialized with port 8080 (http)
2024-10-30 16:53:09 - Initializing ProtocolHandler ["http-nio-8080"]
2024-10-30 16:53:09 - Starting service [Tomcat]
2024-10-30 16:53:09 - Starting Servlet engine: [Apache Tomcat/10.1.28]
2024-10-30 16:53:09 - Initializing Spring embedded WebApplicationContext
2024-10-30 16:53:09 - Root WebApplicationContext: initialization completed in 1000 ms
2024-10-30 16:53:09 - HikariPool-1 - Starting...
2024-10-30 16:53:09 - HikariPool-1 - Added connection conn0: url=jdbc:h2:mem:testdb user=SA
2024-10-30 16:53:09 - HikariPool-1 - Start completed.
2024-10-30 16:53:09 - H2 console available at '/h2-console'. Database available at 'jdbc:h2:mem:testdb'
2024-10-30 16:53:09 - HHH000204: Processing PersistenceUnitInfo [name: default]
2024-10-30 16:53:09 - HHH000412: Hibernate ORM core version 6.5.2.Final
2024-10-30 16:53:09 - HHH000026: Second-level cache disabled
2024-10-30 16:53:10 - No LoadTimeWeaver setup: ignoring JPA class transformer
2024-10-30 16:53:11 - HHH000489: No JTA platform available (set 'hibernate.transaction.jta.platform' to enable JTA platform integration)
2024-10-30 16:53:11 - Initialized JPA EntityManagerFactory for persistence unit 'default'
2024-10-30 16:53:11 - spring.jpa.open-in-view is enabled by default. Therefore, database queries may be performed during view rendering. Explicitly configure spring.jpa.open-in-view to disable this warning
2024-10-30 16:53:11 - Global AuthenticationManager configured with UserDetailsService bean with name userDetailsService
2024-10-30 16:53:12 - Starting ProtocolHandler ["http-nio-8080"]
2024-10-30 16:53:12 - Tomcat started on port 8080 (http) with context path '/'
2024-10-30 16:53:12 - Started FitnessAppApplication in 3.919 seconds (process running for 4.422)
2024-10-30 16:53:12 - Initializing Spring DispatcherServlet 'dispatcherServlet'
2024-10-30 16:53:12 - Initializing Servlet 'dispatcherServlet'
2024-10-30 16:53:12 - Completed initialization in 3 ms
2024-10-30 16:54:18 - Closing JPA EntityManagerFactory for persistence unit 'default'
2024-10-30 16:54:18 - HikariPool-1 - Shutdown initiated...
2024-10-30 16:54:18 - HikariPool-1 - Shutdown completed.
